video_id,generic_video_link,title,processed_transcript_text_link
montenegro_1_12032025,https://www.youtube.com/watch?v=L-z37kae0kw,Prva sjednica Prvog redovnog zasijedanja u 2025. godini (prvi dan),https://www.skupstina.me/en/chronology-of-discussions/487
montenegro_2_28022025,https://www.youtube.com/watch?v=L-z37kae0kw,Sjednica Trećeg vanrednog zasijedanja u 2025. godini (peti dan),https://www.skupstina.me/en/chronology-of-discussions/485
montenegro_3_28022025,https://www.youtube.com/watch?v=L-z37kae0kw,Sjednica Prvog vanrednog zasijedanja u 2025. godini (deseti dan),https://www.skupstina.me/en/chronology-of-discussions/482
montenegro_4_27022025,https://www.youtube.com/watch?v=L-z37kae0kw,Sjednica Trećeg vanrednog zasijedanja u 2025. godini (četvrti dan),https://www.skupstina.me/en/chronology-of-discussions/481
montenegro_5_26022025,https://www.youtube.com/watch?v=L-z37kae0kw,Sjednica Trećeg vanrednog zasijedanja u 2025. godini (treći dan),https://www.skupstina.me/en/chronology-of-discussions/483
montenegro_6_24022025,https://www.youtube.com/watch?v=L-z37kae0kw,Sjednica Trećeg vanrednog zasijedanja u 2025. godini (drugi dan),https://www.skupstina.me/en/chronology-of-discussions/484
montenegro_7_21022025,https://www.youtube.com/watch?v=L-z37kae0kw,Sjednica Trećeg vanrednog zasijedanja u 2025. godini (prvi dan),https://www.skupstina.me/en/chronology-of-discussions/476
montenegro_8_20022025,https://www.youtube.com/watch?v=L-z37kae0kw,Sjednica Drugog vanrednog zasijedanja u 2025. godini,https://www.skupstina.me/en/chronology-of-discussions/475
montenegro_9_12022025,https://www.youtube.com/watch?v=L-z37kae0kw,Sjednica Prvog vanrednog zasijedanja u 2025. godini (deveti dan),https://www.skupstina.me/en/chronology-of-discussions/477
montenegro_10_11022025,https://www.youtube.com/watch?v=L-z37kae0kw,Sjednica Prvog vanrednog zasijedanja u 2025. godini (osmi dan),https://www.skupstina.me/en/chronology-of-discussions/480
montenegro_11_10022025,https://www.youtube.com/watch?v=L-z37kae0kw,Sjednica Prvog vanrednog zasijedanja u 2025. godini (sedmi dan),https://www.skupstina.me/en/chronology-of-discussions/474
montenegro_12_07022025,https://www.youtube.com/watch?v=L-z37kae0kw,Sjednica Prvog vanrednog zasijedanja u 2025. godini (šesti dan),https://www.skupstina.me/en/chronology-of-discussions/472
montenegro_13_06022025,https://www.youtube.com/watch?v=L-z37kae0kw,Sjednica Prvog vanrednog zasijedanja u 2025. godini (peti dan),https://www.skupstina.me/en/chronology-of-discussions/479
montenegro_14_05022025,https://www.youtube.com/watch?v=L-z37kae0kw,Sjednica Prvog vanrednog zasijedanja u 2025. godini (četvrti dan),https://www.skupstina.me/en/chronology-of-discussions/470
montenegro_15_04022025,https://www.youtube.com/watch?v=L-z37kae0kw,Sjednica Prvog vanrednog zasijedanja u 2025. godini (treći dan),https://www.skupstina.me/en/chronology-of-discussions/468
montenegro_16_03022025,https://www.youtube.com/watch?v=L-z37kae0kw,Sjednica Prvog vanrednog zasijedanja u 2025. godini (drugi dan),https://www.skupstina.me/en/chronology-of-discussions/467
montenegro_17_21012025,https://www.youtube.com/watch?v=L-z37kae0kw,Sjednica Prvog vanrednog zasijedanja u 2025. godini (prvi dan),https://www.skupstina.me/en/chronology-of-discussions/466
montenegro_18_26122024,https://www.youtube.com/watch?v=L-z37kae0kw,Šesta sjednica Drugog redovnog (jesenjeg) zasijedanja u 2024. godini (treći dan),https://www.skupstina.me/en/chronology-of-discussions/465
montenegro_19_23122024,https://www.youtube.com/watch?v=L-z37kae0kw,Sedma - posebna sjednica Drugog redovnog (jesenjeg) zasijedanja u 2024. godini (drugi dan),https://www.skupstina.me/en/chronology-of-discussions/449
montenegro_20_20122024,https://www.youtube.com/watch?v=L-z37kae0kw,Sedma - posebna sjednica Drugog redovnog (jesenjeg) zasijedanja u 2024. godini (prvi dan),https://www.skupstina.me/en/chronology-of-discussions/448
montenegro_21_18122024,https://www.youtube.com/watch?v=L-z37kae0kw,Šesta sjednica Drugog redovnog (jesenjeg) zasijedanja u 2024. godini (drugi dan),https://www.skupstina.me/en/chronology-of-discussions/458
montenegro_22_17122024,https://www.youtube.com/watch?v=L-z37kae0kw,Šesta sjednica Drugog redovnog (jesenjeg) zasijedanja u 2024. godini (prvi dan),https://www.skupstina.me/en/chronology-of-discussions/464
montenegro_23_17122024,https://www.youtube.com/watch?v=L-z37kae0kw,Peta sjednica Drugog redovnog (jesenjeg) zasijedanja u 2024. godini (četvrti dan),https://www.skupstina.me/en/chronology-of-discussions/451
montenegro_24_17122024,https://www.youtube.com/watch?v=L-z37kae0kw,Treća sjednica Drugog redovnog (jesenjeg) zasijedanja u 2024. godini (trinaesti dan),https://www.skupstina.me/en/chronology-of-discussions/459
montenegro_25_16122024,https://www.youtube.com/watch?v=L-z37kae0kw,Treća sjednica Drugog redovnog (jesenjeg) zasijedanja u 2024. godini (dvanaesti dan),https://www.skupstina.me/en/chronology-of-discussions/473
montenegro_26_13122024,https://www.youtube.com/watch?v=L-z37kae0kw,Treća sjednica Drugog redovnog (jesenjeg) zasijedanja u 2024. godini (jedanaesti dan),https://www.skupstina.me/en/chronology-of-discussions/462
montenegro_27_12122024,https://www.youtube.com/watch?v=L-z37kae0kw,Treća sjednica Drugog redovnog (jesenjeg) zasijedanja u 2024. godini (deseti dan),https://www.skupstina.me/en/chronology-of-discussions/471
montenegro_28_12122024,https://www.youtube.com/watch?v=L-z37kae0kw,Peta sjednica Drugog redovnog (jesenjeg) zasijedanja u 2024. godini (treći dan),https://www.skupstina.me/en/chronology-of-discussions/453
montenegro_29_11122024,https://www.youtube.com/watch?v=L-z37kae0kw,Treća sjednica Drugog redovnog (jesenjeg) zasijedanja u 2024. godini (deveti dan),https://www.skupstina.me/en/chronology-of-discussions/454
montenegro_30_11122024,https://www.youtube.com/watch?v=L-z37kae0kw,Peta sjednica Drugog redovnog (jesenjeg) zasijedanja u 2024. godini (drugi dan),https://www.skupstina.me/en/chronology-of-discussions/452
montenegro_31_10122024,https://www.youtube.com/watch?v=L-z37kae0kw,Peta sjednica Drugog redovnog (jesenjeg) zasijedanja u 2024. godini (prvi dan),https://www.skupstina.me/en/chronology-of-discussions/469
montenegro_32_05122024,https://www.youtube.com/watch?v=L-z37kae0kw,Treća sjednica Drugog redovnog (jesenjeg) zasijedanja u 2024. godini (osmi dan),https://www.skupstina.me/en/chronology-of-discussions/455
montenegro_33_04122024,https://www.youtube.com/watch?v=L-z37kae0kw,Treća sjednica Drugog redovnog (jesenjeg) zasijedanja u 2024. godini (sedmi dan),https://www.skupstina.me/en/chronology-of-discussions/447
montenegro_34_03122024,https://www.youtube.com/watch?v=L-z37kae0kw,Treća sjednica Drugog redovnog (jesenjeg) zasijedanja u 2024. godini (šesti dan),https://www.skupstina.me/en/chronology-of-discussions/445
montenegro_35_29112024,https://www.youtube.com/watch?v=L-z37kae0kw,Druga - posebna sjednica Drugog redovnog (jesenjeg) zasijedanja u 2024. godini (deveti dan),https://www.skupstina.me/en/chronology-of-discussions/441
montenegro_36_29112024,https://www.youtube.com/watch?v=L-z37kae0kw,Četvrta - posebna sjednica Drugog redovnog (jesenjeg) zasijedanja u 2024. godini (drugi dan),https://www.skupstina.me/en/chronology-of-discussions/461
montenegro_37_28112024,https://www.youtube.com/watch?v=L-z37kae0kw,Treća sjednica Drugog redovnog (jesenjeg) zasijedanja u 2024. godini (peti dan),https://www.skupstina.me/en/chronology-of-discussions/463
montenegro_38_27112024,https://www.youtube.com/watch?v=L-z37kae0kw,Treća sjednica Drugog redovnog (jesenjeg) zasijedanja u 2024. godini (četvrti dan),https://www.skupstina.me/en/chronology-of-discussions/450
montenegro_39_22112024,https://www.youtube.com/watch?v=L-z37kae0kw,Četvrta - posebna sjednica Drugog redovnog (jesenjeg) zasijedanja u 2024. godini (prvi dan),https://www.skupstina.me/en/chronology-of-discussions/457
montenegro_40_19112024,https://www.youtube.com/watch?v=L-z37kae0kw,Treća sjednica Drugog redovnog (jesenjeg) zasijedanja u 2024. godini (treći dan),https://www.skupstina.me/en/chronology-of-discussions/446
montenegro_41_18112024,https://www.youtube.com/watch?v=L-z37kae0kw,Treća sjednica Drugog redovnog (jesenjeg) zasijedanja u 2024. godini (drugi dan),https://www.skupstina.me/en/chronology-of-discussions/460
montenegro_42_12112024,https://www.youtube.com/watch?v=L-z37kae0kw,Druga - posebna sjednica Drugog redovnog (jesenjeg) zasijedanja u 2024. godini (osmi dan),https://www.skupstina.me/en/chronology-of-discussions/440
montenegro_43_12112024,https://www.youtube.com/watch?v=L-z37kae0kw,Treća sjednica Drugog redovnog (jesenjeg) zasijedanja u 2024. godini (prvi dan),https://www.skupstina.me/en/chronology-of-discussions/456
montenegro_44_11112024,https://www.youtube.com/watch?v=L-z37kae0kw,Druga - posebna sjednica Drugog redovnog (jesenjeg) zasijedanja u 2024. godini (sedmi dan),https://www.skupstina.me/en/chronology-of-discussions/443
montenegro_45_08112024,https://www.youtube.com/watch?v=L-z37kae0kw,Druga - posebna sjednica Drugog redovnog (jesenjeg) zasijedanja u 2024. godini (šesti dan),https://www.skupstina.me/en/chronology-of-discussions/442
montenegro_46_07112024,https://www.youtube.com/watch?v=L-z37kae0kw,Druga - posebna sjednica Drugog redovnog (jesenjeg) zasijedanja u 2024. godini (peti dan),https://www.skupstina.me/en/chronology-of-discussions/444
montenegro_47_06112024,https://www.youtube.com/watch?v=L-z37kae0kw,Druga - posebna sjednica Drugog redovnog (jesenjeg) zasijedanja u 2024. godini (četvrti dan),https://www.skupstina.me/en/chronology-of-discussions/439
montenegro_48_05112024,https://www.youtube.com/watch?v=L-z37kae0kw,Druga - posebna sjednica Drugog redovnog (jesenjeg) zasijedanja u 2024. godini (treći dan),https://www.skupstina.me/en/chronology-of-discussions/438
montenegro_49_04112024,https://www.youtube.com/watch?v=L-z37kae0kw,Druga - posebna sjednica Drugog redovnog (jesenjeg) zasijedanja u 2024. godini (drugi dan),https://www.skupstina.me/en/chronology-of-discussions/436
montenegro_50_29102024,https://www.youtube.com/watch?v=L-z37kae0kw,Druga - posebna sjednica Drugog redovnog (jesenjeg) zasijedanja u 2024. godini (prvi dan),https://www.skupstina.me/en/chronology-of-discussions/437
montenegro_51_15102024,https://www.youtube.com/watch?v=L-z37kae0kw,Prva sjednica Drugog redovnog (jesenjeg) zasijedanja u 2024. godini (treći dan),https://www.skupstina.me/en/chronology-of-discussions/435
montenegro_52_10102024,https://www.youtube.com/watch?v=L-z37kae0kw,Prva sjednica Drugog redovnog (jesenjeg) zasijedanja u 2024. godini (drugi dan),https://www.skupstina.me/en/chronology-of-discussions/433
montenegro_53_09102024,https://www.youtube.com/watch?v=L-z37kae0kw,Prva sjednica Drugog redovnog (jesenjeg) zasijedanja u 2024. godini (prvi dan),https://www.skupstina.me/en/chronology-of-discussions/431
montenegro_54_26092024,https://www.youtube.com/watch?v=L-z37kae0kw,Sjednica 11. vanrednog zasijedanja u 2024. godini,https://www.skupstina.me/en/chronology-of-discussions/429
montenegro_55_09092024,https://www.youtube.com/watch?v=L-z37kae0kw,Sjednica Osmog vanrednog zasijedanja u 2024. godini (drugi dan),https://www.skupstina.me/en/chronology-of-discussions/434
montenegro_56_06092024,https://www.youtube.com/watch?v=L-z37kae0kw,Sjednica Sedmog vanrednog zasijedanja u 2024. godini (četvrti dan),https://www.skupstina.me/en/chronology-of-discussions/432
montenegro_57_05092024,https://www.youtube.com/watch?v=L-z37kae0kw,Sjednica Sedmog vanrednog zasijedanja u 2024. godini (treći dan),https://www.skupstina.me/en/chronology-of-discussions/426
montenegro_58_05092024,https://www.youtube.com/watch?v=L-z37kae0kw,Sjednica Devetog vanrednog zasijedanja u 2024. godini,https://www.skupstina.me/en/chronology-of-discussions/428
montenegro_59_04092024,https://www.youtube.com/watch?v=L-z37kae0kw,Sjednica Sedmog vanrednog zasijedanja u 2024. godini (drugi dan),https://www.skupstina.me/en/chronology-of-discussions/425
montenegro_60_04092024,https://www.youtube.com/watch?v=L-z37kae0kw,Sjednica Osmog vanrednog zasijedanja u 2024. godini (prvi dan),https://www.skupstina.me/en/chronology-of-discussions/427
montenegro_61_30082024,https://www.youtube.com/watch?v=L-z37kae0kw,Sjednica Sedmog vanrednog zasijedanja u 2024. godini (prvi dan),https://www.skupstina.me/en/chronology-of-discussions/421
montenegro_62_30082024,https://www.youtube.com/watch?v=L-z37kae0kw,Sjednica Šestog vanrednog zasijedanja u 2024. godini,https://www.skupstina.me/en/chronology-of-discussions/419
montenegro_63_17082024,https://www.youtube.com/watch?v=L-z37kae0kw,Sjednica Petog vanrednog zasijedanja u 2024. godini (drugi dan),https://www.skupstina.me/en/chronology-of-discussions/430
montenegro_64_17082024,https://www.youtube.com/watch?v=L-z37kae0kw,Sjednica Četvrtog vanrednog zasijedanja u 2024. godini (drugi dan),https://www.skupstina.me/en/chronology-of-discussions/422
montenegro_65_16082024,https://www.youtube.com/watch?v=L-z37kae0kw,Sjednica Petog vanrednog zasijedanja u 2024. godini (prvi dan),https://www.skupstina.me/en/chronology-of-discussions/418
montenegro_66_16082024,https://www.youtube.com/watch?v=L-z37kae0kw,Sjednica Četvrtog vanrednog zasijedanja u 2024. godini (prvi dan),https://www.skupstina.me/en/chronology-of-discussions/424
montenegro_67_31072024,https://www.youtube.com/watch?v=L-z37kae0kw,Šesta sjednica Prvog redovnog (proljećnjeg) zasijedanja u 2024. godini (jedanaesti dan),https://www.skupstina.me/en/chronology-of-discussions/417
montenegro_68_31072024,https://www.youtube.com/watch?v=L-z37kae0kw,Deveta sjednica Prvog redovnog (proljećnjeg) zasijedanja u 2024. godini (šesti dan),https://www.skupstina.me/en/chronology-of-discussions/413
montenegro_69_31072024,https://www.youtube.com/watch?v=L-z37kae0kw,Četrnaesta sjednica Prvog redovnog (proljećnjeg) zasijedanja u 2024. godini,https://www.skupstina.me/en/chronology-of-discussions/412
montenegro_70_30072024,https://www.youtube.com/watch?v=L-z37kae0kw,Trinaesta - posebna sjednica Prvog redovnog (proljećnjeg) zasijedanja u 2024. godini,https://www.skupstina.me/en/chronology-of-discussions/411
montenegro_71_29072024,https://www.youtube.com/watch?v=L-z37kae0kw,Šesta sjednica Prvog redovnog (proljećnjeg) zasijedanja u 2024. godini (deseti dan),https://www.skupstina.me/en/chronology-of-discussions/423
montenegro_72_25072024,https://www.youtube.com/watch?v=L-z37kae0kw,Šesta sjednica Prvog redovnog (proljećnjeg) zasijedanja u 2024. godini (deveti dan),https://www.skupstina.me/en/chronology-of-discussions/420
montenegro_73_23072024,https://www.youtube.com/watch?v=L-z37kae0kw,Šesta sjednica Prvog redovnog (proljećnjeg) zasijedanja u 2024. godini (osmi dan),https://www.skupstina.me/en/chronology-of-discussions/416
montenegro_74_19072024,https://www.youtube.com/watch?v=L-z37kae0kw,Dvanaesta - posebna sjednica Prvog redovnog (proljećnjeg) zasijedanja u 2024. godini,https://www.skupstina.me/en/chronology-of-discussions/410
montenegro_75_17072024,https://www.youtube.com/watch?v=L-z37kae0kw,Deveta sjednica Prvog redovnog (proljećnjeg) zasijedanja u 2024. godini (peti dan),https://www.skupstina.me/en/chronology-of-discussions/404
montenegro_76_17072024,https://www.youtube.com/watch?v=L-z37kae0kw,Šesta sjednica Prvog redovnog (proljećnjeg) zasijedanja u 2024. godini (sedmi dan),https://www.skupstina.me/en/chronology-of-discussions/414
montenegro_77_16072024,https://www.youtube.com/watch?v=L-z37kae0kw,Šesta sjednica Prvog redovnog (proljećnjeg) zasijedanja u 2024. godini (šesti dan),https://www.skupstina.me/en/chronology-of-discussions/415
montenegro_78_10072024,https://www.youtube.com/watch?v=L-z37kae0kw,Šesta sjednica Prvog redovnog (proljećnjeg) zasijedanja u 2024. godini (peti dan),https://www.skupstina.me/en/chronology-of-discussions/405
montenegro_79_09072024,https://www.youtube.com/watch?v=L-z37kae0kw,Šesta sjednica Prvog redovnog (proljećnjeg) zasijedanja u 2024. godini (četvrti dan),https://www.skupstina.me/en/chronology-of-discussions/402
montenegro_80_09072024,https://www.youtube.com/watch?v=L-z37kae0kw,Deveta sjednica Prvog redovnog (proljećnjeg) zasijedanja u 2024. godini (treći dan/ II dio i četvrti dan),https://www.skupstina.me/en/chronology-of-discussions/409
montenegro_81_08072024,https://www.youtube.com/watch?v=L-z37kae0kw,Deveta sjednica Prvog redovnog (proljećnjeg) zasijedanja u 2024. godini (treći dan - prvi dio),https://www.skupstina.me/en/chronology-of-discussions/407
montenegro_82_08072024,https://www.youtube.com/watch?v=L-z37kae0kw,Šesta sjednica Prvog redovnog (proljećnjeg) zasijedanja u 2024. godini (treći dan),https://www.skupstina.me/en/chronology-of-discussions/399
montenegro_83_01072024,https://www.youtube.com/watch?v=L-z37kae0kw,Deseta - posebna sjednica Prvog redovnog (proljećnjeg) zasijedanja u 2024. godini (drugi dan),https://www.skupstina.me/en/chronology-of-discussions/396
montenegro_84_01072024,https://www.youtube.com/watch?v=L-z37kae0kw,Deveta sjednica Prvog redovnog (proljećnjeg) zasijedanja u 2024. godini (drugi dan),https://www.skupstina.me/en/chronology-of-discussions/397
montenegro_85_29062024,https://www.youtube.com/watch?v=L-z37kae0kw,Deseta - posebna sjednica Prvog redovnog (proljećnjeg) zasijedanja u 2024. godini (prvi dan),https://www.skupstina.me/en/chronology-of-discussions/395
montenegro_86_28062024,https://www.youtube.com/watch?v=L-z37kae0kw,Deveta sjednica Prvog redovnog (proljećnjeg) zasijedanja u 2024. godini (prvi dan),https://www.skupstina.me/en/chronology-of-discussions/401
montenegro_87_19062024,https://www.youtube.com/watch?v=L-z37kae0kw,Šesta sjednica Prvog redovnog (proljećnjeg) zasijedanja u 2024. godini (drugi dan),https://www.skupstina.me/en/chronology-of-discussions/392
montenegro_88_19062024,https://www.youtube.com/watch?v=L-z37kae0kw,Osma sjednica Prvog redovnog (proljećnjeg) zasijedanja u 2024. godini,https://www.skupstina.me/en/chronology-of-discussions/391
montenegro_89_07062024,https://www.youtube.com/watch?v=L-z37kae0kw,Sedma sjednica Prvog redovnog (proljećnjeg) zasijedanja u 2024. godini (četvrti dan),https://www.skupstina.me/en/chronology-of-discussions/400
montenegro_90_06062024,https://www.youtube.com/watch?v=L-z37kae0kw,Sedma sjednica Prvog redovnog (proljećnjeg) zasijedanja u 2024. godini (treći dan),https://www.skupstina.me/en/chronology-of-discussions/398
montenegro_91_05062024,https://www.youtube.com/watch?v=L-z37kae0kw,Sedma sjednica Prvog redovnog (proljećnjeg) zasijedanja u 2024. godini (drugi dan),https://www.skupstina.me/en/chronology-of-discussions/393
montenegro_92_04062024,https://www.youtube.com/watch?v=L-z37kae0kw,Sedma sjednica Prvog redovnog (proljećnjeg) zasijedanja u 2024. godini (prvi dan),https://www.skupstina.me/en/chronology-of-discussions/385
montenegro_93_17052024,https://www.youtube.com/watch?v=L-z37kae0kw,Šesta sjednica Prvog redovnog (proljećnjeg) zasijedanja u 2024. godini (prvi dan),https://www.skupstina.me/en/chronology-of-discussions/386
montenegro_94_17052024,https://www.youtube.com/watch?v=L-z37kae0kw,Peta sjednica Prvog redovnog (proljećnjeg) zasijedanja u 2024. godini (sedmi dan),https://www.skupstina.me/en/chronology-of-discussions/394
montenegro_95_13052024,https://www.youtube.com/watch?v=L-z37kae0kw,Peta sjednica Prvog redovnog (proljećnjeg) zasijedanja u 2024. godini (šesti dan),https://www.skupstina.me/en/chronology-of-discussions/390
montenegro_96_10052024,https://www.youtube.com/watch?v=L-z37kae0kw,Četvrta - posebna sjednica Prvog redovnog (proljećnjeg) zasijedanja u 2024. godini (drugi dan),https://www.skupstina.me/en/chronology-of-discussions/388
montenegro_97_09052024,https://www.youtube.com/watch?v=L-z37kae0kw,Četvrta - posebna sjednica Prvog redovnog (proljećnjeg) zasijedanja u 2024. godini (prvi dan),https://www.skupstina.me/en/chronology-of-discussions/389
montenegro_98_08052024,https://www.youtube.com/watch?v=L-z37kae0kw,Peta sjednica Prvog redovnog (proljećnjeg) zasijedanja u 2024. godini (peti dan),https://www.skupstina.me/en/chronology-of-discussions/383
montenegro_99_07052024,https://www.youtube.com/watch?v=L-z37kae0kw,Peta sjednica Prvog redovnog (proljećnjeg) zasijedanja u 2024. godini (četvrti dan),https://www.skupstina.me/en/chronology-of-discussions/387
montenegro_100_30042024,https://www.youtube.com/watch?v=L-z37kae0kw,Peta sjednica Prvog redovnog (proljećnjeg) zasijedanja u 2024. godini (treći dan),https://www.skupstina.me/en/chronology-of-discussions/384
montenegro_101_29042024,https://www.youtube.com/watch?v=L-z37kae0kw,Peta sjednica Prvog redovnog (proljećnjeg) zasijedanja u 2024. godini (drugi dan),https://www.skupstina.me/en/chronology-of-discussions/382
montenegro_102_29042024,https://www.youtube.com/watch?v=L-z37kae0kw,Treća - posebna sjednica Prvog redovnog (proljećnjeg) zasijedanja u 2024. godini (deveti dan),https://www.skupstina.me/en/chronology-of-discussions/378
montenegro_103_26042024,https://www.youtube.com/watch?v=L-z37kae0kw,Treća - posebna sjednica Prvog redovnog (proljećnjeg) zasijedanja u 2024. godini (osmi dan),https://www.skupstina.me/en/chronology-of-discussions/379
montenegro_104_23042024,https://www.youtube.com/watch?v=L-z37kae0kw,Treća - posebna sjednica Prvog redovnog (proljećnjeg) zasijedanja u 2024. godini (sedmi dan),https://www.skupstina.me/en/chronology-of-discussions/381
montenegro_105_22042024,https://www.youtube.com/watch?v=L-z37kae0kw,Treća - posebna sjednica Prvog redovnog (proljećnjeg) zasijedanja u 2024. godini (šesti dan),https://www.skupstina.me/en/chronology-of-discussions/380
montenegro_106_19042024,https://www.youtube.com/watch?v=L-z37kae0kw,Treća - posebna sjednica Prvog redovnog (proljećnjeg) zasijedanja u 2024. godini (peti dan),https://www.skupstina.me/en/chronology-of-discussions/375
montenegro_107_18042024,https://www.youtube.com/watch?v=L-z37kae0kw,Peta sjednica Prvog redovnog (proljećnjeg) zasijedanja u 2024. godini (prvi dan),https://www.skupstina.me/en/chronology-of-discussions/377
montenegro_108_16042024,https://www.youtube.com/watch?v=L-z37kae0kw,Treća - posebna sjednica Prvog redovnog (proljećnjeg) zasijedanja u 2024. godini (četvrti dan),https://www.skupstina.me/en/chronology-of-discussions/373
montenegro_109_15042024,https://www.youtube.com/watch?v=L-z37kae0kw,Treća - posebna sjednica Prvog redovnog (proljećnjeg) zasijedanja u 2024. godini (treći dan),https://www.skupstina.me/en/chronology-of-discussions/376
montenegro_110_09042024,https://www.youtube.com/watch?v=L-z37kae0kw,Treća - posebna sjednica Prvog redovnog (proljećnjeg) zasijedanja u 2024. godini (drugi dan),https://www.skupstina.me/en/chronology-of-discussions/371
montenegro_111_05042024,https://www.youtube.com/watch?v=L-z37kae0kw,Treća - posebna sjednica Prvog redovnog (proljećnjeg) zasijedanja u 2024. godini (prvi dan),https://www.skupstina.me/en/chronology-of-discussions/372
montenegro_112_04042024,https://www.youtube.com/watch?v=L-z37kae0kw,Druga sjednica Prvog redovnog (proljećnjeg) zasijedanja u 2024. godini (šesti dan),https://www.skupstina.me/en/chronology-of-discussions/370
montenegro_113_22032024,https://www.youtube.com/watch?v=L-z37kae0kw,Druga sjednica Prvog redovnog (proljećnjeg) zasijedanja u 2024. godini (peti dan),https://www.skupstina.me/en/chronology-of-discussions/369
montenegro_114_18032024,https://www.youtube.com/watch?v=L-z37kae0kw,Druga sjednica Prvog redovnog (proljećnjeg) zasijedanja u 2024. godini (četvrti dan),https://www.skupstina.me/en/chronology-of-discussions/367
montenegro_115_13032024,https://www.youtube.com/watch?v=L-z37kae0kw,Druga sjednica Prvog redovnog (proljećnjeg) zasijedanja u 2024. godini (treći dan),https://www.skupstina.me/en/chronology-of-discussions/364
montenegro_116_12032024,https://www.youtube.com/watch?v=L-z37kae0kw,Druga sjednica Prvog redovnog (proljećnjeg) zasijedanja u 2024. godini (drugi dan),https://www.skupstina.me/en/chronology-of-discussions/368
montenegro_117_11032024,https://www.youtube.com/watch?v=L-z37kae0kw,Druga sjednica Prvog redovnog (proljećnjeg) zasijedanja u 2024. godini (prvi dan),https://www.skupstina.me/en/chronology-of-discussions/366
montenegro_118_07032024,https://www.youtube.com/watch?v=L-z37kae0kw,Prva sjednica Prvog redovnog (proljećnjeg) zasijedanja u 2024. godini,https://www.skupstina.me/en/chronology-of-discussions/365
montenegro_119_27012024,https://www.youtube.com/watch?v=L-z37kae0kw,Sjednica Trećeg vanrednog zasijedanja u 2024. godini,https://www.skupstina.me/en/chronology-of-discussions/363
montenegro_120_19012024,https://www.youtube.com/watch?v=L-z37kae0kw,Sjednica Drugog vanrednog zasijedanja u 2024. godini,https://www.skupstina.me/en/chronology-of-discussions/360
montenegro_121_19012024,https://www.youtube.com/watch?v=L-z37kae0kw,Sjednica Prvog vanrednog zasijedanja u 2024. godini,https://www.skupstina.me/en/chronology-of-discussions/351
montenegro_122_29122023,https://www.youtube.com/watch?v=L-z37kae0kw,Peta sjednica Drugog redovnog (jesenjeg) zasijedanja u 2023. godini (deveti dan),https://www.skupstina.me/en/chronology-of-discussions/344
montenegro_123_29122023,https://www.youtube.com/watch?v=L-z37kae0kw,Deveta sjednica Drugog redovnog (jesenjeg) zasijedanja u 2023. godini,https://www.skupstina.me/en/chronology-of-discussions/357
montenegro_124_29122023,https://www.youtube.com/watch?v=L-z37kae0kw,Sedma sjednica Drugog redovnog (jesenjeg) zasijedanja u 2023. godine (šesti dan),https://www.skupstina.me/en/chronology-of-discussions/362
montenegro_125_28122023,https://www.youtube.com/watch?v=L-z37kae0kw,Sedma sjednica Drugog redovnog (jesenjeg) zasijedanja u 2023. godine (peti dan),https://www.skupstina.me/en/chronology-of-discussions/358
montenegro_126_28122023,https://www.youtube.com/watch?v=L-z37kae0kw,Osma - posebna sjednica Drugog redovnog (jesenjeg) zasijedanja u 2023. godini,https://www.skupstina.me/en/chronology-of-discussions/347
montenegro_127_27122023,https://www.youtube.com/watch?v=L-z37kae0kw,Sedma sjednica Drugog redovnog (jesenjeg) zasijedanja u 2023. godine (četvrti dan),https://www.skupstina.me/en/chronology-of-discussions/359
montenegro_128_26122023,https://www.youtube.com/watch?v=L-z37kae0kw,Sedma sjednica Drugog redovnog (jesenjeg) zasijedanja u 2023. godine (treći dan),https://www.skupstina.me/en/chronology-of-discussions/361
montenegro_129_26122023,https://www.youtube.com/watch?v=L-z37kae0kw,Peta sjednica Drugog redovnog (jesenjeg) zasijedanja u 2023. godini (osmi dan),https://www.skupstina.me/en/chronology-of-discussions/345
montenegro_130_22122023,https://www.youtube.com/watch?v=L-z37kae0kw,Sedma sjednica Drugog redovnog (jesenjeg) zasijedanja u 2023. godine (drugi dan),https://www.skupstina.me/en/chronology-of-discussions/355
montenegro_131_21122023,https://www.youtube.com/watch?v=L-z37kae0kw,Sedma sjednica Drugog redovnog (jesenjeg) zasijedanja u 2023. godine (prvi dan),https://www.skupstina.me/en/chronology-of-discussions/338
montenegro_132_21122023,https://www.youtube.com/watch?v=L-z37kae0kw,Peta sjednica Drugog redovnog (jesenjeg) zasijedanja u 2023. godini (sedmi dan),https://www.skupstina.me/en/chronology-of-discussions/356
montenegro_133_20122023,https://www.youtube.com/watch?v=L-z37kae0kw,Peta sjednica Drugog redovnog (jesenjeg) zasijedanja u 2023. godini (šesti dan),https://www.skupstina.me/en/chronology-of-discussions/350
montenegro_134_18122023,https://www.youtube.com/watch?v=L-z37kae0kw,Šesta sjednica Drugog redovnog (jesenjeg) zasijedanja u 2023. godini,https://www.skupstina.me/en/chronology-of-discussions/348
montenegro_135_18122023,https://www.youtube.com/watch?v=L-z37kae0kw,Peta sjednica Drugog redovnog (jesenjeg) zasijedanja u 2023. godini (peti dan),https://www.skupstina.me/en/chronology-of-discussions/352
montenegro_136_15122023,https://www.youtube.com/watch?v=L-z37kae0kw,Četvrta sjednica Drugog redovnog (jesenjeg) zasijedanja u 2023. godini,https://www.skupstina.me/en/chronology-of-discussions/354
montenegro_137_14122023,https://www.youtube.com/watch?v=L-z37kae0kw,Peta sjednica Drugog redovnog (jesenjeg) zasijedanja u 2023. godini (četvrti dan),https://www.skupstina.me/en/chronology-of-discussions/346
montenegro_138_13122023,https://www.youtube.com/watch?v=L-z37kae0kw,Peta sjednica Drugog redovnog (jesenjeg) zasijedanja u 2023. godini (treći dan),https://www.skupstina.me/en/chronology-of-discussions/340
montenegro_139_12122023,https://www.youtube.com/watch?v=L-z37kae0kw,Peta sjednica Drugog redovnog (jesenjeg) zasijedanja u 2023. godini (drugi dan),https://www.skupstina.me/en/chronology-of-discussions/342
montenegro_140_11122023,https://www.youtube.com/watch?v=L-z37kae0kw,Peta sjednica Drugog redovnog (jesenjeg) zasijedanja u 2023. godini (prvi dan),https://www.skupstina.me/en/chronology-of-discussions/339
montenegro_141_28112023,https://www.youtube.com/watch?v=L-z37kae0kw,Treća sjednica Drugog redovnog (jesenjeg) zasijedanja u 2023. godini (drugi dan),https://www.skupstina.me/en/chronology-of-discussions/335
montenegro_142_27112023,https://www.youtube.com/watch?v=L-z37kae0kw,Treća sjednica Drugog redovnog (jesenjeg) zasijedanja u 2023. godini (prvi dan),https://www.skupstina.me/en/chronology-of-discussions/337
montenegro_143_24112023,https://www.youtube.com/watch?v=L-z37kae0kw,Prva sjednica Drugog redovnog (jesenjeg) zasijedanja u 2023. godini (četvrti dio),https://www.skupstina.me/en/chronology-of-discussions/332
montenegro_144_22112023,https://www.youtube.com/watch?v=L-z37kae0kw,Druga sjednica Drugog redovnog (jesenjeg) zasijedanja u 2023. godini,https://www.skupstina.me/en/chronology-of-discussions/333
montenegro_145_16112023,https://www.youtube.com/watch?v=L-z37kae0kw,Prva sjednica Drugog redovnog (jesenjeg) zasijedanja u 2023. godini (treći dio),https://www.skupstina.me/en/chronology-of-discussions/329
montenegro_146_31102023,https://www.youtube.com/watch?v=L-z37kae0kw,Prva sjednica Drugog redovnog (jesenjeg) zasijedanja u 2023. godini (drugi dio 30.10.2023.),https://www.skupstina.me/en/chronology-of-discussions/330
montenegro_147_30102023,https://www.youtube.com/watch?v=L-z37kae0kw,Prva sjednica Drugog redovnog (jesenjeg) zasijedanja u 2023. godini (prvi dio 30.10.2023.),https://www.skupstina.me/en/chronology-of-discussions/327
montenegro_148_30102023,https://www.youtube.com/watch?v=L-z37kae0kw,Prva - konstitutivna sjednica Skupštine Crne Gore 28. saziva (drugi dan),https://www.skupstina.me/en/chronology-of-discussions/325
montenegro_149_27072023,https://www.youtube.com/watch?v=L-z37kae0kw,Prva - konstitutivna sjednica Skupštine Crne Gore 28. saziva (prvi dan),https://www.skupstina.me/en/chronology-of-discussions/324
montenegro_150_20052023,https://www.youtube.com/watch?v=L-z37kae0kw,Treća sjednica prvog redovnog (proljećnjeg) zasijedanja u 2023. godini,https://www.skupstina.me/en/chronology-of-discussions/322
montenegro_151_08052023,https://www.youtube.com/watch?v=L-z37kae0kw,Druga sjednica Prvog redovnog (proljećnjeg) zasijedanja u 2023. godini (osmi dan),https://www.skupstina.me/en/chronology-of-discussions/320
montenegro_152_08052023,https://www.youtube.com/watch?v=L-z37kae0kw,Četvrta sjednica Prvog redovnog (proljećnjeg) zasijedanja u 2023. godini (prvi dan),https://www.skupstina.me/en/chronology-of-discussions/321
montenegro_153_28042023,https://www.youtube.com/watch?v=L-z37kae0kw,Druga sjednica Prvog redovnog (proljećnjeg) zasijedanja u 2023. godini (sedmi dan),https://www.skupstina.me/en/chronology-of-discussions/318
montenegro_154_19042023,https://www.youtube.com/watch?v=L-z37kae0kw,Druga sjednica Prvog redovnog (proljećnjeg) zasijedanja u 2023. godini (šesti dan),https://www.skupstina.me/en/chronology-of-discussions/319
montenegro_155_18042023,https://www.youtube.com/watch?v=L-z37kae0kw,Druga sjednica Prvog redovnog (proljećnjeg) zasijedanja u 2023. godini (peti dan),https://www.skupstina.me/en/chronology-of-discussions/316
montenegro_156_12042023,https://www.youtube.com/watch?v=L-z37kae0kw,Druga sjednica Prvog redovnog (proljećnjeg) zasijedanja u 2023. godini (četvrti dan),https://www.skupstina.me/en/chronology-of-discussions/315
montenegro_157_11042023,https://www.youtube.com/watch?v=L-z37kae0kw,Druga sjednica Prvog redovnog (proljećnjeg) zasijedanja u 2023. godini (treći dan),https://www.skupstina.me/en/chronology-of-discussions/317
montenegro_158_05042023,https://www.youtube.com/watch?v=L-z37kae0kw,Druga sjednica Prvog redovnog (proljećnjeg) zasijedanja u 2023. godini (drugi dan),https://www.skupstina.me/en/chronology-of-discussions/313
montenegro_159_04042023,https://www.youtube.com/watch?v=L-z37kae0kw,Druga sjednica Prvog redovnog (proljećnjeg) zasijedanja u 2023. godini (prvi dan),https://www.skupstina.me/en/chronology-of-discussions/314
montenegro_160_20032023,https://www.youtube.com/watch?v=L-z37kae0kw,Prva sjednica Prvog redovnog zasijedanja u 2023. godini (drugi dan),https://www.skupstina.me/en/chronology-of-discussions/301
montenegro_161_06032023,https://www.youtube.com/watch?v=L-z37kae0kw,Prva sjednica Prvog redovnog zasijedanja u 2023. godini (prvi dan),https://www.skupstina.me/en/chronology-of-discussions/302
montenegro_162_28022023,https://www.youtube.com/watch?v=L-z37kae0kw,Sjednica Četvrtog vanrednog zasijedanja u 2023. godini,https://www.skupstina.me/en/chronology-of-discussions/300
montenegro_163_28022023,https://www.youtube.com/watch?v=L-z37kae0kw,Sjednica Drugog vanrednog zasijedanja u 2023. godini (drugi dan),https://www.skupstina.me/en/chronology-of-discussions/298
montenegro_164_27022023,https://www.youtube.com/watch?v=L-z37kae0kw,Sjednica Trećeg vanrednog zasijedanja u 2023. godini,https://www.skupstina.me/en/chronology-of-discussions/297
montenegro_165_10022023,https://www.youtube.com/watch?v=L-z37kae0kw,Sjednica Drugog vanrednog zasijedanja u 2023. godini (prvi dan),https://www.skupstina.me/en/chronology-of-discussions/296
montenegro_166_29122022,https://www.youtube.com/watch?v=L-z37kae0kw,Peta sjednica Drugog redovnog (jesenjeg) zasijedanja u 2022. godini (treći dan),https://www.skupstina.me/en/chronology-of-discussions/294
montenegro_167_29122022,https://www.youtube.com/watch?v=L-z37kae0kw,Šesta sjednica Drugog redovnog (jesenjeg) zasijedanja u 2022. godini,https://www.skupstina.me/en/chronology-of-discussions/292
montenegro_168_28122022,https://www.youtube.com/watch?v=L-z37kae0kw,Peta sjednica Drugog redovnog (jesenjeg) zasijedanja u 2022. godini (drugi dan),https://www.skupstina.me/en/chronology-of-discussions/293
montenegro_169_27122022,https://www.youtube.com/watch?v=L-z37kae0kw,Četvrta sjednica Drugog redovnog (jesenjeg) zasijedanja u 2022. godini (deseti dan),https://www.skupstina.me/en/chronology-of-discussions/309
montenegro_170_27122022,https://www.youtube.com/watch?v=L-z37kae0kw,Peta sjednica Drugog redovnog (jesenjeg) zasijedanja u 2022. godini (prvi dan),https://www.skupstina.me/en/chronology-of-discussions/288
montenegro_171_23122022,https://www.youtube.com/watch?v=L-z37kae0kw,Četvrta sjednica Drugog redovnog (jesenjeg) zasijedanja u 2022. godini (deveti dan),https://www.skupstina.me/en/chronology-of-discussions/290
montenegro_172_22122022,https://www.youtube.com/watch?v=L-z37kae0kw,Četvrta sjednica Drugog redovnog (jesenjeg) zasijedanja u 2022. godini (osmi dan),https://www.skupstina.me/en/chronology-of-discussions/295
montenegro_173_21122022,https://www.youtube.com/watch?v=L-z37kae0kw,Četvrta sjednica Drugog redovnog (jesenjeg) zasijedanja u 2022. godini (sedmi dan),https://www.skupstina.me/en/chronology-of-discussions/287
montenegro_174_20122022,https://www.youtube.com/watch?v=L-z37kae0kw,Četvrta sjednica Drugog redovnog (jesenjeg) zasijedanja u 2022. godini (šesti dan),https://www.skupstina.me/en/chronology-of-discussions/289
montenegro_175_19122022,https://www.youtube.com/watch?v=L-z37kae0kw,Četvrta sjednica Drugog redovnog (jesenjeg) zasijedanja u 2022. godini (peti dan),https://www.skupstina.me/en/chronology-of-discussions/282
montenegro_176_16122022,https://www.youtube.com/watch?v=L-z37kae0kw,Četvrta sjednica Drugog redovnog (jesenjeg) zasijedanja u 2022. godini (četvrti dan),https://www.skupstina.me/en/chronology-of-discussions/284
montenegro_177_14122022,https://www.youtube.com/watch?v=L-z37kae0kw,Četvrta sjednica Drugog redovnog (jesenjeg) zasijedanja u 2022. godini (treći dan),https://www.skupstina.me/en/chronology-of-discussions/285
montenegro_178_13122022,https://www.youtube.com/watch?v=L-z37kae0kw,Četvrta sjednica Drugog redovnog (jesenjeg) zasijedanja u 2022. godini (drugi dan),https://www.skupstina.me/en/chronology-of-discussions/286
montenegro_179_12122022,https://www.youtube.com/watch?v=L-z37kae0kw,Četvrta sjednica Drugog redovnog (jesenjeg) zasijedanja u 2022. godini (prvi dan),https://www.skupstina.me/en/chronology-of-discussions/283
montenegro_180_12122022,https://www.youtube.com/watch?v=L-z37kae0kw,Treća sjednica Drugog redovnog (jesenjeg) zasijedanja u 2022. godini (šesnaesti dan),https://www.skupstina.me/en/chronology-of-discussions/281
montenegro_181_08122022,https://www.youtube.com/watch?v=L-z37kae0kw,Treća sjednica Drugog redovnog (jesenjeg) zasijedanja u 2022. godini (petnaesti dan),https://www.skupstina.me/en/chronology-of-discussions/280
montenegro_182_07122022,https://www.youtube.com/watch?v=L-z37kae0kw,Treća sjednica Drugog redovnog (jesenjeg) zasijedanja u 2022. godini (četrnaesti dan),https://www.skupstina.me/en/chronology-of-discussions/276
montenegro_183_01122022,https://www.youtube.com/watch?v=L-z37kae0kw,Treća sjednica Drugog redovnog (jesenjeg) zasijedanja u 2022. godini (trinaesti dan),https://www.skupstina.me/en/chronology-of-discussions/274
montenegro_184_30112022,https://www.youtube.com/watch?v=L-z37kae0kw,Treća sjednica Drugog redovnog (jesenjeg) zasijedanja u 2022. godini (dvanaesti dan),https://www.skupstina.me/en/chronology-of-discussions/279
montenegro_185_28112022,https://www.youtube.com/watch?v=L-z37kae0kw,Treća sjednica Drugog redovnog (jesenjeg) zasijedanja u 2022. godini (jedanaesti dan),https://www.skupstina.me/en/chronology-of-discussions/272
montenegro_186_24112022,https://www.youtube.com/watch?v=L-z37kae0kw,Treća sjednica Drugog redovnog (jesenjeg) zasijedanja u 2022. godini (deseti dan),https://www.skupstina.me/en/chronology-of-discussions/278
montenegro_187_22112022,https://www.youtube.com/watch?v=L-z37kae0kw,Treća sjednica Drugog redovnog (jesenjeg) zasijedanja u 2022. godini (deveti dan),https://www.skupstina.me/en/chronology-of-discussions/275
montenegro_188_17112022,https://www.youtube.com/watch?v=L-z37kae0kw,Treća sjednica Drugog redovnog (jesenjeg) zasijedanja u 2022. godini (osmi dan),https://www.skupstina.me/en/chronology-of-discussions/273
montenegro_189_16112022,https://www.youtube.com/watch?v=L-z37kae0kw,Treća sjednica Drugog redovnog (jesenjeg) zasijedanja u 2022. godini (sedmi dan),https://www.skupstina.me/en/chronology-of-discussions/271
montenegro_190_15112022,https://www.youtube.com/watch?v=L-z37kae0kw,Treća sjednica Drugog redovnog (jesenjeg) zasijedanja u 2022. godini (šesti dan),https://www.skupstina.me/en/chronology-of-discussions/304
montenegro_191_10112022,https://www.youtube.com/watch?v=L-z37kae0kw,Treća sjednica Drugog redovnog (jesenjeg) zasijedanja u 2022. godini (peti dan),https://www.skupstina.me/en/chronology-of-discussions/268
montenegro_192_08112022,https://www.youtube.com/watch?v=L-z37kae0kw,Treća sjednica Drugog redovnog (jesenjeg) zasijedanja u 2022. godini (četvrti dan),https://www.skupstina.me/en/chronology-of-discussions/265
montenegro_193_07112022,https://www.youtube.com/watch?v=L-z37kae0kw,Treća sjednica Drugog redovnog (jesenjeg) zasijedanja u 2022. godini (treći dan),https://www.skupstina.me/en/chronology-of-discussions/269
montenegro_194_02112022,https://www.youtube.com/watch?v=L-z37kae0kw,Treća sjednica Drugog redovnog (jesenjeg) zasijedanja u 2022. godini (drugi dan),https://www.skupstina.me/en/chronology-of-discussions/310
montenegro_195_01112022,https://www.youtube.com/watch?v=L-z37kae0kw,Treća sjednica Drugog redovnog (jesenjeg) zasijedanja u 2022. godini (prvi dan),https://www.skupstina.me/en/chronology-of-discussions/311
montenegro_196_21102022,https://www.youtube.com/watch?v=L-z37kae0kw,Druga sjednica Drugog redovnog (jesenjeg) zasijedanja u 2022. godini,https://www.skupstina.me/en/chronology-of-discussions/312
montenegro_197_03102022,https://www.youtube.com/watch?v=L-z37kae0kw,Prva sjednica Drugog redovnog (jesenjeg) zasijedanja u 2022. godini,https://www.skupstina.me/en/chronology-of-discussions/256
montenegro_198_30092022,https://www.youtube.com/watch?v=L-z37kae0kw,Sjednica Sedmog vanrednog zasijedanja u 2022. godini (drugi dan),https://www.skupstina.me/en/chronology-of-discussions/248
montenegro_199_30092022,https://www.youtube.com/watch?v=L-z37kae0kw,Sjednica Jedanaestog vanrednog zasijedanja u 2022. godini,https://www.skupstina.me/en/chronology-of-discussions/253
montenegro_200_29092022,https://www.youtube.com/watch?v=L-z37kae0kw,Sjednica Desetog vanrednog zasijedanja u 2022. godini (drugi dan),https://www.skupstina.me/en/chronology-of-discussions/255
montenegro_201_28092022,https://www.youtube.com/watch?v=L-z37kae0kw,Sjednica Desetog vanrednog zasijedanja u 2022. godini (prvi dan),https://www.skupstina.me/en/chronology-of-discussions/258
montenegro_202_22092022,https://www.youtube.com/watch?v=L-z37kae0kw,Sjednica Devetog vanrednog zasijedanja u 2022. godini,https://www.skupstina.me/en/chronology-of-discussions/254
montenegro_203_20092022,https://www.youtube.com/watch?v=L-z37kae0kw,Sjednica Osmog vanrednog zasijedanja u 2022. godini,https://www.skupstina.me/en/chronology-of-discussions/245
montenegro_204_02092022,https://www.youtube.com/watch?v=L-z37kae0kw,Sjednica Sedmog vanrednog zasijedanja u 2022. godini (prvi dan),https://www.skupstina.me/en/chronology-of-discussions/249
montenegro_205_20082022,https://www.youtube.com/watch?v=L-z37kae0kw,Sjednica Šestog vanrednog zasijedanja u 2022. godini (drugi dan),https://www.skupstina.me/en/chronology-of-discussions/241
montenegro_206_19082022,https://www.youtube.com/watch?v=L-z37kae0kw,Sjednica Šestog vanrednog zasijedanja u 2022. godini (prvi dan),https://www.skupstina.me/en/chronology-of-discussions/251
montenegro_207_17082022,https://www.youtube.com/watch?v=L-z37kae0kw,Sjednica Petog vanrednog zasijedanja u 2022. godini (drugi dan),https://www.skupstina.me/en/chronology-of-discussions/240
montenegro_208_16082022,https://www.youtube.com/watch?v=L-z37kae0kw,Sjednica Petog vanrednog zasijedanja u 2022. godini (prvi dan),https://www.skupstina.me/en/chronology-of-discussions/252
montenegro_209_30072022,https://www.youtube.com/watch?v=L-z37kae0kw,Osma sjednica Prvog redovnog (proljećnjeg) zasijedanja u 2022. godini (peti dan),https://www.skupstina.me/en/chronology-of-discussions/236
montenegro_210_28072022,https://www.youtube.com/watch?v=L-z37kae0kw,Osma sjednica Prvog redovnog (proljećnjeg) zasijedanja u 2022. godini (četvrti dan),https://www.skupstina.me/en/chronology-of-discussions/246
montenegro_211_27072022,https://www.youtube.com/watch?v=L-z37kae0kw,Osma sjednica Prvog redovnog (proljećnjeg) zasijedanja u 2022. godini (treći dan),https://www.skupstina.me/en/chronology-of-discussions/233
montenegro_212_26072022,https://www.youtube.com/watch?v=L-z37kae0kw,Osma sjednica Prvog redovnog (proljećnjeg) zasijedanja u 2022. godini (drugi dan),https://www.skupstina.me/en/chronology-of-discussions/234
montenegro_213_25072022,https://www.youtube.com/watch?v=L-z37kae0kw,Osma sjednica Prvog redovnog (proljećnjeg) zasijedanja u 2022. godini (prvi dan),https://www.skupstina.me/en/chronology-of-discussions/231
montenegro_214_21072022,https://www.youtube.com/watch?v=L-z37kae0kw,Sedma - posebna sjednica Prvog redovnog (proljećnjeg) zasijedanja u 2022. godini (drugi dan),https://www.skupstina.me/en/chronology-of-discussions/244
montenegro_215_20072022,https://www.youtube.com/watch?v=L-z37kae0kw,Sedma - posebna sjednica Prvog redovnog (proljećnjeg) zasijedanja u 2022. godini (prvi dan),https://www.skupstina.me/en/chronology-of-discussions/243
montenegro_216_20072022,https://www.youtube.com/watch?v=L-z37kae0kw,Peta sjednica Prvog redovnog (proljećnjeg) zasijedanja u 2022. godini (četvrti dan),https://www.skupstina.me/en/chronology-of-discussions/226
montenegro_217_19072022,https://www.youtube.com/watch?v=L-z37kae0kw,Peta sjednica Prvog redovnog (proljećnjeg) zasijedanja u 2022. godini (treći dan),https://www.skupstina.me/en/chronology-of-discussions/225
montenegro_218_05072022,https://www.youtube.com/watch?v=L-z37kae0kw,Šesta - posebna sjednica Prvog redovnog (proljećnjeg) zasljedanja u 2022. godini (sedmi dan),https://www.skupstina.me/en/chronology-of-discussions/228
montenegro_219_04072022,https://www.youtube.com/watch?v=L-z37kae0kw,Šesta - posebna sjednica Prvog redovnog (proljećnjeg) zasljedanja u 2022. godini (šesti dan),https://www.skupstina.me/en/chronology-of-discussions/227
montenegro_220_01072022,https://www.youtube.com/watch?v=L-z37kae0kw,Šesta - posebna sjednica Prvog redovnog (proljećnjeg) zasljedanja u 2022. godini (peti dan),https://www.skupstina.me/en/chronology-of-discussions/220
montenegro_221_30062022,https://www.youtube.com/watch?v=L-z37kae0kw,Šesta - posebna sjednica Prvog redovnog (proljećnjeg) zasljedanja u 2022. godini (četvrti dan),https://www.skupstina.me/en/chronology-of-discussions/223
montenegro_222_29062022,https://www.youtube.com/watch?v=L-z37kae0kw,Šesta - posebna sjednica Prvog redovnog (proljećnjeg) zasljedanja u 2022. godini (treći dan),https://www.skupstina.me/en/chronology-of-discussions/219
montenegro_223_28062022,https://www.youtube.com/watch?v=L-z37kae0kw,Šesta - posebna sjednica Prvog redovnog (proljećnjeg) zasljedanja u 2022. godini (drugi dan),https://www.skupstina.me/en/chronology-of-discussions/224
montenegro_224_27062022,https://www.youtube.com/watch?v=L-z37kae0kw,Šesta - posebna sjednica Prvog redovnog (proljećnjeg) zasljedanja u 2022. godini (prvi dan),https://www.skupstina.me/en/chronology-of-discussions/218
montenegro_225_15062022,https://www.youtube.com/watch?v=L-z37kae0kw,Peta sjednica Prvog redovnog (proljećnjeg) zasijedanja u 2022. godini (drugi dan),https://www.skupstina.me/en/chronology-of-discussions/221
montenegro_226_30052022,https://www.youtube.com/watch?v=L-z37kae0kw,Četvrta-posebna sjednica Prvog redovnog (proljećnjeg) zasijedanja u 2022. godini (drugi dan),https://www.skupstina.me/en/chronology-of-discussions/216
montenegro_227_27052022,https://www.youtube.com/watch?v=L-z37kae0kw,Četvrta-posebna sjednica Prvog redovnog (proljećnjeg) zasijedanja u 2022. godini (prvi dan),https://www.skupstina.me/en/chronology-of-discussions/217
montenegro_228_25052022,https://www.youtube.com/watch?v=L-z37kae0kw,Peta sjednica Prvog redovnog (proljećnjeg) zasijedanja u 2022. godini (prvi dan),https://www.skupstina.me/en/chronology-of-discussions/222
montenegro_229_10052022,https://www.youtube.com/watch?v=L-z37kae0kw,Druga sjednica Prvog redovnog (proljećnjeg) zasijedanja u 2022. godini (drugi dan),https://www.skupstina.me/en/chronology-of-discussions/209
montenegro_230_10052022,https://www.youtube.com/watch?v=L-z37kae0kw,Prva sjednica Prvog redovnog (proljećnjeg) zasijedanja u 2022. godini (četvrti dan),https://www.skupstina.me/en/chronology-of-discussions/205
montenegro_231_09052022,https://www.youtube.com/watch?v=L-z37kae0kw,Treća sjednica Prvog redovnog (proljećnjeg) zasijedanja u 2022. godini,https://www.skupstina.me/en/chronology-of-discussions/194
montenegro_232_05052022,https://www.youtube.com/watch?v=L-z37kae0kw,Prva sjednica Prvog redovnog (proljećnjeg) zasijedanja u 2022. godini (treći dan),https://www.skupstina.me/en/chronology-of-discussions/204
montenegro_233_05052022,https://www.youtube.com/watch?v=L-z37kae0kw,Druga sjednica Prvog redovnog (proljećnjeg) zasijedanja u 2022. godini (prvi dan),https://www.skupstina.me/en/chronology-of-discussions/214
montenegro_234_04052022,https://www.youtube.com/watch?v=L-z37kae0kw,Prva sjednica Prvog redovnog (proljećnjeg) zasijedanja u 2022. godini (drugi dan),https://www.skupstina.me/en/chronology-of-discussions/203
montenegro_235_28042022,https://www.youtube.com/watch?v=L-z37kae0kw,Prva sjednica Prvog redovnog (proljećnjeg) zasijedanja u 2022. godini (prvi dan),https://www.skupstina.me/en/chronology-of-discussions/202
montenegro_236_07022022,https://www.youtube.com/watch?v=L-z37kae0kw,Sjednica Četvrtog vanrednog zasijedanja u 2022. godini,https://www.skupstina.me/en/chronology-of-discussions/189
montenegro_237_04022022,https://www.youtube.com/watch?v=L-z37kae0kw,Sjednica Trećeg vanrednog zasijedanja u 2022. godini,https://www.skupstina.me/en/chronology-of-discussions/188
montenegro_238_04022022,https://www.youtube.com/watch?v=L-z37kae0kw,Sjednica Drugog vanrednog zasijedanja u 2022. godini,https://www.skupstina.me/en/chronology-of-discussions/187
montenegro_239_03022022,https://www.youtube.com/watch?v=L-z37kae0kw,Sjednica Prvog vanrednog zasijedanja u 2022. godini,https://www.skupstina.me/en/chronology-of-discussions/186
montenegro_240_30122021,https://www.youtube.com/watch?v=L-z37kae0kw,"Šesta - posebna sjednica Drugog redovnog (jesenjeg) zasijedanja u 2021. godini,",https://www.skupstina.me/en/chronology-of-discussions/185
montenegro_241_29122021,https://www.youtube.com/watch?v=L-z37kae0kw,Peta sjednica Drugog redovnog zasijedanja u 2021. godini (12. dan),https://www.skupstina.me/en/chronology-of-discussions/183
montenegro_242_29122021,https://www.youtube.com/watch?v=L-z37kae0kw,Treća sjednica Drugog redovnog zasijedanja u 2021. godini (peti dan),https://www.skupstina.me/en/chronology-of-discussions/182
montenegro_243_29122021,https://www.youtube.com/watch?v=L-z37kae0kw,Sedma sjednica Drugog redovnog zasijedanja u 2021. godini,https://www.skupstina.me/en/chronology-of-discussions/184
montenegro_244_28122021,https://www.youtube.com/watch?v=L-z37kae0kw,Treća sjednica Drugog redovnog zasijedanja u 2021. godini (četvrti dan),https://www.skupstina.me/en/chronology-of-discussions/181
montenegro_245_27122021,https://www.youtube.com/watch?v=L-z37kae0kw,Peta sjednica Drugog redovnog zasijedanja u 2021. godini (11. dan),https://www.skupstina.me/en/chronology-of-discussions/180
montenegro_246_24122021,https://www.youtube.com/watch?v=L-z37kae0kw,Peta sjednica Drugog redovnog zasijedanja u 2021. godini (10. dan),https://www.skupstina.me/en/chronology-of-discussions/179
montenegro_247_23122021,https://www.youtube.com/watch?v=L-z37kae0kw,Peta sjednica Drugog redovnog zasijedanja u 2021. godini (deveti dan),https://www.skupstina.me/en/chronology-of-discussions/178
montenegro_248_22122021,https://www.youtube.com/watch?v=L-z37kae0kw,Peta sjednica Drugog redovnog zasijedanja u 2021. godini (osmi dan),https://www.skupstina.me/en/chronology-of-discussions/176
montenegro_249_21122021,https://www.youtube.com/watch?v=L-z37kae0kw,Peta sjednica Drugog redovnog zasijedanja u 2021. godini (sedmi dan),https://www.skupstina.me/en/chronology-of-discussions/175
montenegro_250_20122021,https://www.youtube.com/watch?v=L-z37kae0kw,Peta sjednica Drugog redovnog zasijedanja u 2021. godini (šesti dan),https://www.skupstina.me/en/chronology-of-discussions/174
montenegro_251_17122021,https://www.youtube.com/watch?v=L-z37kae0kw,Peta sjednica Drugog redovnog zasijedanja u 2021. godini (peti dan),https://www.skupstina.me/en/chronology-of-discussions/173
montenegro_252_16122021,https://www.youtube.com/watch?v=L-z37kae0kw,Peta sjednica Drugog redovnog zasijedanja u 2021. godini (četvrti dan),https://www.skupstina.me/en/chronology-of-discussions/172
montenegro_253_15122021,https://www.youtube.com/watch?v=L-z37kae0kw,Peta sjednica Drugog redovnog zasijedanja u 2021. godini (treći dan),https://www.skupstina.me/en/chronology-of-discussions/171
montenegro_254_14122021,https://www.youtube.com/watch?v=L-z37kae0kw,Peta sjednica Drugog redovnog zasijedanja u 2021. godini (drugi dan),https://www.skupstina.me/en/chronology-of-discussions/170
montenegro_255_13122021,https://www.youtube.com/watch?v=L-z37kae0kw,Peta sjednica Drugog redovnog zasijedanja u 2021. godini (prvi dan),https://www.skupstina.me/en/chronology-of-discussions/169
montenegro_256_10122021,https://www.youtube.com/watch?v=L-z37kae0kw,Treća sjednica Drugog redovnog zasijedanja u 2021. godini (treći dan),https://www.skupstina.me/en/chronology-of-discussions/168
montenegro_257_09122021,https://www.youtube.com/watch?v=L-z37kae0kw,Treća sjednica Drugog redovnog zasijedanja u 2021. godini (drugi dan),https://www.skupstina.me/en/chronology-of-discussions/167
montenegro_258_08122021,https://www.youtube.com/watch?v=L-z37kae0kw,Treća sjednica Drugog redovnog zasijedanja u 2021. godini (prvi dan),https://www.skupstina.me/en/chronology-of-discussions/166
montenegro_259_01122021,https://www.youtube.com/watch?v=L-z37kae0kw,Četvrta - posebna sjednica Drugog redovnog zasijedanja (peti dan),https://www.skupstina.me/en/chronology-of-discussions/165
montenegro_260_30112021,https://www.youtube.com/watch?v=L-z37kae0kw,Četvrta - posebna sjednica Drugog redovnog zasijedanja (četvrti dan),https://www.skupstina.me/en/chronology-of-discussions/164
montenegro_261_29112021,https://www.youtube.com/watch?v=L-z37kae0kw,Četvrta - posebna sjednica Drugog redovnog zasijedanja (treći dan),https://www.skupstina.me/en/chronology-of-discussions/163
montenegro_262_26112021,https://www.youtube.com/watch?v=L-z37kae0kw,Četvrta - posebna sjednica Drugog redovnog zasijedanja (drugi dan),https://www.skupstina.me/en/chronology-of-discussions/162
montenegro_263_25112021,https://www.youtube.com/watch?v=L-z37kae0kw,Četvrta - posebna sjednica Drugog redovnog zasijedanja (prvi dan),https://www.skupstina.me/en/chronology-of-discussions/161
montenegro_264_19112021,https://www.youtube.com/watch?v=L-z37kae0kw,Treća sjednica Drugog redovnog zasijedanja u 2021. godini (peti dan),https://www.skupstina.me/en/chronology-of-discussions/160
montenegro_265_18112021,https://www.youtube.com/watch?v=L-z37kae0kw,Treća sjednica Drugog redovnog zasijedanja u 2021. godini (četvrti dan),https://www.skupstina.me/en/chronology-of-discussions/159
montenegro_266_17112021,https://www.youtube.com/watch?v=L-z37kae0kw,Treća sjednica Drugog redovnog zasijedanja u 2021. godini (treći dan),https://www.skupstina.me/en/chronology-of-discussions/158
montenegro_267_16112021,https://www.youtube.com/watch?v=L-z37kae0kw,Treća sjednica Drugog redovnog zasijedanja u 2021. godini (drugi dan),https://www.skupstina.me/en/chronology-of-discussions/157
montenegro_268_12112021,https://www.youtube.com/watch?v=L-z37kae0kw,Treća sjednica Drugog redovnog zasijedanja u 2021. godini (prvi dan),https://www.skupstina.me/en/chronology-of-discussions/156
montenegro_269_01112021,https://www.youtube.com/watch?v=L-z37kae0kw,Druga - posebna sjednica Drugog redovnog zasijedanja u 2021. godini (drugi dan),https://www.skupstina.me/en/chronology-of-discussions/155
montenegro_270_29102021,https://www.youtube.com/watch?v=L-z37kae0kw,Druga - posebna sjednica Drugog redovnog zasijedanja u 2021. godini (prvi dan),https://www.skupstina.me/en/chronology-of-discussions/153
montenegro_271_28102021,https://www.youtube.com/watch?v=L-z37kae0kw,Prva - posebna sjednica Drugog redovnog zasijedanja u 2021. godini,https://www.skupstina.me/en/chronology-of-discussions/151
montenegro_272_28092021,https://www.youtube.com/watch?v=L-z37kae0kw,Sjednica Petog vanrednog zasijedanja u 2021. godini,https://www.skupstina.me/en/chronology-of-discussions/152
montenegro_273_19092021,https://www.youtube.com/watch?v=L-z37kae0kw,Posebna sjednica povodom obilježavanja 30 godina od proglašenja Crne Gore ekološkom državom,https://www.skupstina.me/en/chronology-of-discussions/147
montenegro_274_30072021,https://www.youtube.com/watch?v=L-z37kae0kw,Deveta - posebna sjednica Prvog redovnog (proljećnjeg) zasijedanja u 2021. godini (šesti dan),https://www.skupstina.me/en/chronology-of-discussions/150
montenegro_275_29072021,https://www.youtube.com/watch?v=L-z37kae0kw,Deveta - posebna sjednica Prvog redovnog (proljećnjeg) zasijedanja u 2021. godini (peti dan),https://www.skupstina.me/en/chronology-of-discussions/144
montenegro_276_28072021,https://www.youtube.com/watch?v=L-z37kae0kw,Deveta - posebna sjednica Prvog redovnog (proljećnjeg) zasijedanja u 2021. godini (četvrti dan),https://www.skupstina.me/en/chronology-of-discussions/143
montenegro_277_27072021,https://www.youtube.com/watch?v=L-z37kae0kw,Deveta - posebna sjednica Prvog redovnog (proljećnjeg) zasijedanja u 2021. godini (treći dan),https://www.skupstina.me/en/chronology-of-discussions/142
montenegro_278_26072021,https://www.youtube.com/watch?v=L-z37kae0kw,Deveta - posebna sjednica Prvog redovnog (proljećnjeg) zasijedanja u 2021. godini (drugi dan),https://www.skupstina.me/en/chronology-of-discussions/149
montenegro_279_23072021,https://www.youtube.com/watch?v=L-z37kae0kw,Deveta - posebna sjednica Prvog redovnog (proljećnjeg) zasijedanja u 2021. godini (prvi dan),https://www.skupstina.me/en/chronology-of-discussions/148
montenegro_280_24062021,https://www.youtube.com/watch?v=L-z37kae0kw,Osma - posebna sjednica Prvog redovnog zasijedanja u 2021. godini,https://www.skupstina.me/en/chronology-of-discussions/137
montenegro_281_17062021,https://www.youtube.com/watch?v=L-z37kae0kw,Četvrta sjednica Prvog redovnog (proljećnjeg) zasijedanja u 2021. godini (22. dan),https://www.skupstina.me/en/chronology-of-discussions/140
montenegro_282_16062021,https://www.youtube.com/watch?v=L-z37kae0kw,Četvrta sjednica Prvog redovnog (proljećnjeg) zasijedanja u 2021. godini (21. dan),https://www.skupstina.me/en/chronology-of-discussions/138
montenegro_283_16062021,https://www.youtube.com/watch?v=L-z37kae0kw,Sedma sjednica Prvog redovnog (proljećnjeg) zasijedanja u 2021. godini,https://www.skupstina.me/en/chronology-of-discussions/135
montenegro_284_14062021,https://www.youtube.com/watch?v=L-z37kae0kw,Četvrta sjednica Prvog redovnog (proljećnjeg) zasijedanja u 2021. godini (20. dan),https://www.skupstina.me/en/chronology-of-discussions/133
montenegro_285_11062021,https://www.youtube.com/watch?v=L-z37kae0kw,Četvrta sjednica Prvog redovnog (proljećnjeg) zasijedanja u 2021. godini (19. dan),https://www.skupstina.me/en/chronology-of-discussions/132
montenegro_286_10062021,https://www.youtube.com/watch?v=L-z37kae0kw,Četvrta sjednica Prvog redovnog (proljećnjeg) zasijedanja u 2021. godini (18. dan),https://www.skupstina.me/en/chronology-of-discussions/131
montenegro_287_09062021,https://www.youtube.com/watch?v=L-z37kae0kw,Četvrta sjednica Prvog redovnog (proljećnjeg) zasijedanja u 2021. godini (17. dan),https://www.skupstina.me/en/chronology-of-discussions/130
montenegro_288_08062021,https://www.youtube.com/watch?v=L-z37kae0kw,Četvrta sjednica Prvog redovnog (proljećnjeg) zasijedanja u 2021. godini (16. dan),https://www.skupstina.me/en/chronology-of-discussions/129
montenegro_289_07062021,https://www.youtube.com/watch?v=L-z37kae0kw,Četvrta sjednica Prvog redovnog (proljećnjeg) zasijedanja u 2021. godini (15. dan),https://www.skupstina.me/en/chronology-of-discussions/128
montenegro_290_04062021,https://www.youtube.com/watch?v=L-z37kae0kw,Četvrta sjednica Prvog redovnog (proljećnjeg) zasijedanja u 2021. godini (14. dan),https://www.skupstina.me/en/chronology-of-discussions/123
montenegro_291_03062021,https://www.youtube.com/watch?v=L-z37kae0kw,Četvrta sjednica Prvog redovnog (proljećnjeg) zasijedanja u 2021. godini (13. dan),https://www.skupstina.me/en/chronology-of-discussions/122
montenegro_292_02062021,https://www.youtube.com/watch?v=L-z37kae0kw,Četvrta sjednica Prvog redovnog (proljećnjeg) zasijedanja u 2021. godini (12. dan),https://www.skupstina.me/en/chronology-of-discussions/115
montenegro_293_01062021,https://www.youtube.com/watch?v=L-z37kae0kw,Četvrta sjednica Prvog redovnog (proljećnjeg) zasijedanja u 2021. godini (11. dan),https://www.skupstina.me/en/chronology-of-discussions/121
montenegro_294_31052021,https://www.youtube.com/watch?v=L-z37kae0kw,Šesta - posebna sjednica Prvog redovnog zasijedanja u 2021. godini (treći dan),https://www.skupstina.me/en/chronology-of-discussions/126
montenegro_295_28052021,https://www.youtube.com/watch?v=L-z37kae0kw,Šesta - posebna sjednica Prvog redovnog zasijedanja u 2021. godini (drugi dan),https://www.skupstina.me/en/chronology-of-discussions/125
montenegro_296_27052021,https://www.youtube.com/watch?v=L-z37kae0kw,Šesta - posebna sjednica Prvog redovnog zasijedanja u 2021. godini (prvi dan),https://www.skupstina.me/en/chronology-of-discussions/97
montenegro_297_27052021,https://www.youtube.com/watch?v=L-z37kae0kw,Četvrta sjednica Prvog redovnog (proljećnjeg) zasijedanja u 2021. godini (deseti dan),https://www.skupstina.me/en/chronology-of-discussions/120
montenegro_298_27052021,https://www.youtube.com/watch?v=L-z37kae0kw,Peta sjednica Prvog redovnog zasijedanja u 2021. godini,https://www.skupstina.me/en/chronology-of-discussions/124
montenegro_299_26052021,https://www.youtube.com/watch?v=L-z37kae0kw,Četvrta sjednica Prvog redovnog (proljećnjeg) zasijedanja u 2021. godini (deveti dan),https://www.skupstina.me/en/chronology-of-discussions/83
montenegro_300_25052021,https://www.youtube.com/watch?v=L-z37kae0kw,Četvrta sjednica Prvog redovnog (proljećnjeg) zasijedanja u 2021. godini (osmi dan),https://www.skupstina.me/en/chronology-of-discussions/119
montenegro_301_24052021,https://www.youtube.com/watch?v=L-z37kae0kw,Četvrta sjednica Prvog redovnog (proljećnjeg) zasijedanja u 2021. godini (sedmi dan),https://www.skupstina.me/en/chronology-of-discussions/57
montenegro_302_20052021,https://www.youtube.com/watch?v=L-z37kae0kw,Četvrta sjednica Prvog redovnog (proljećnjeg) zasijedanja u 2021. godini (šesti dan),https://www.skupstina.me/en/chronology-of-discussions/47
montenegro_303_19052021,https://www.youtube.com/watch?v=L-z37kae0kw,Četvrta sjednica Prvog redovnog (proljećnjeg) zasijedanja u 2021. godini (peti dan),https://www.skupstina.me/en/chronology-of-discussions/45
montenegro_304_18052021,https://www.youtube.com/watch?v=L-z37kae0kw,Četvrta sjednica Prvog redovnog (proljećnjeg) zasijedanja u 2021. godini (četvrti dan),https://www.skupstina.me/en/chronology-of-discussions/44
montenegro_305_17052021,https://www.youtube.com/watch?v=L-z37kae0kw,Četvrta sjednica Prvog redovnog (proljećnjeg) zasijedanja u 2021. godini (treći dan),https://www.skupstina.me/en/chronology-of-discussions/42
montenegro_306_12052021,https://www.youtube.com/watch?v=L-z37kae0kw,Četvrta sjednica Prvog redovnog (proljećnjeg) zasijedanja u 2021. godini (drugi dan),https://www.skupstina.me/en/chronology-of-discussions/41
montenegro_307_11052021,https://www.youtube.com/watch?v=L-z37kae0kw,Četvrta sjednica Prvog redovnog (proljećnjeg) zasijedanja u 2021. godini (prvi dan),https://www.skupstina.me/en/chronology-of-discussions/40
montenegro_308_29042021,https://www.youtube.com/watch?v=L-z37kae0kw,Treća - posebna sjednica Prvog redovnog (proljećnjeg) zasijedanja u 2021. godini (drugi dan),https://www.skupstina.me/en/chronology-of-discussions/31
montenegro_309_28042021,https://www.youtube.com/watch?v=L-z37kae0kw,Treća - posebna sjednica Prvog redovnog (proljećnjeg) zasijedanja u 2021. godini (prvi dan),https://www.skupstina.me/en/chronology-of-discussions/30
montenegro_310_31032021,https://www.youtube.com/watch?v=L-z37kae0kw,Druga sjednica Prvog redovnog zasijedanja u 2021. godini,https://www.skupstina.me/en/chronology-of-discussions/29
montenegro_311_31032021,https://www.youtube.com/watch?v=L-z37kae0kw,Prva - posebna sjednica Prvog redovnog (proljećnjeg) zasijedanja u 2021. godini (peti dan),https://www.skupstina.me/en/chronology-of-discussions/28
montenegro_312_30032021,https://www.youtube.com/watch?v=L-z37kae0kw,Prva - posebna sjednica Prvog redovnog (proljećnjeg) zasijedanja u 2021. godini (četvrti dan),https://www.skupstina.me/en/chronology-of-discussions/27
montenegro_313_29032021,https://www.youtube.com/watch?v=L-z37kae0kw,Prva - posebna sjednica Prvog redovnog (proljećnjeg) zasijedanja u 2021. godini (treći dan),https://www.skupstina.me/en/chronology-of-discussions/26
montenegro_314_26032021,https://www.youtube.com/watch?v=L-z37kae0kw,Prva - posebna sjednica Prvog redovnog (proljećnjeg) zasijedanja u 2021. godini (drugi dan),https://www.skupstina.me/en/chronology-of-discussions/25
montenegro_315_25032021,https://www.youtube.com/watch?v=L-z37kae0kw,Prva - posebna sjednica Prvog redovnog (proljećnjeg) zasijedanja u 2021. godini (prvi dan),https://www.skupstina.me/en/chronology-of-discussions/24
montenegro_316_26022021,https://www.youtube.com/watch?v=L-z37kae0kw,Sjednica Četvrtog vanrednog zasijedanja u 2021. godini,https://www.skupstina.me/en/chronology-of-discussions/23
montenegro_317_20012021,https://www.youtube.com/watch?v=L-z37kae0kw,Sjednica Drugog vanrednog zasijedanja u 2021. godini,https://www.skupstina.me/en/chronology-of-discussions/20
montenegro_318_20012021,https://www.youtube.com/watch?v=L-z37kae0kw,Sjednica Prvog vanrednog zasijedanja u 2021. godini,https://www.skupstina.me/en/chronology-of-discussions/19
