transcript_link,date,youtube_link,transcript_id,video_id
/et/202105201000,2021-05-20 10:00:00,https://www.youtube.com/watch?v=crJVxpNkQB4,202105201000,202105201000_crJVxpNkQB4
/et/202105311500,2021-05-31 15:00:00,https://www.youtube.com/watch?v=ML6WiBVr2EM,202105311500,202105311500_ML6WiBVr2EM
/et/202106021200,2021-06-02 12:00:00,https://www.youtube.com/watch?v=ZqxsxMbAgbw,202106021200,202106021200_ZqxsxMbAgbw
/et/202106021400,2021-06-02 14:00:00,https://www.youtube.com/watch?v=kY2armlb2os,202106021400,202106021400_kY2armlb2os
/et/202106031000,2021-06-03 10:00:00,https://www.youtube.com/watch?v=EOxGJsbiWDw,202106031000,202106031000_EOxGJsbiWDw
/et/202106071500,2021-06-07 15:00:00,https://www.youtube.com/watch?v=zVqguU0CO34,202106071500,202106071500_zVqguU0CO34
/et/202106081000,2021-06-08 10:00:00,https://www.youtube.com/watch?v=rXQza6sSAQM,202106081000,202106081000_rXQza6sSAQM
/et/202106091200,2021-06-09 12:00:00,https://www.youtube.com/watch?v=7v-Qp0Q5XVA,202106091200,202106091200_7v-Qp0Q5XVA
/et/202106101000,2021-06-10 10:00:00,https://www.youtube.com/watch?v=H-wIhRPWZkE,202106101000,202106101000_H-wIhRPWZkE
/et/202106120900,2021-06-12 09:00:00,https://www.youtube.com/watch?v=XexaRuacGTI,202106120900,202106120900_XexaRuacGTI
/et/202106141500,2021-06-14 15:00:00,https://www.youtube.com/watch?v=XgLm-unszzw,202106141500,202106141500_XgLm-unszzw
/et/202106151000,2021-06-15 10:00:00,https://www.youtube.com/watch?v=hDRNKfVrtm0,202106151000,202106151000_hDRNKfVrtm0
/et/202106161200,2021-06-16 12:00:00,https://www.youtube.com/watch?v=DWlwCo7yAxE,202106161200,202106161200_DWlwCo7yAxE
/et/202106171000,2021-06-17 10:00:00,https://www.youtube.com/watch?v=StTo1NgIoCE,202106171000,202106171000_StTo1NgIoCE
/et/202108301300,2021-08-30 13:00:00,https://www.youtube.com/watch?v=Vr_zZ8bLQSQ,202108301300,202108301300_Vr_zZ8bLQSQ
/et/202108311200,2021-08-31 12:00:00,https://www.youtube.com/watch?v=xyLosdeO6ro,202108311200,202108311200_xyLosdeO6ro
/et/202109131500,2021-09-13 15:00:00,https://www.youtube.com/watch?v=moK-a1GS6-M,202109131500,202109131500_moK-a1GS6-M
/et/202109141000,2021-09-14 10:00:00,https://www.youtube.com/watch?v=UAHKHT1AucY,202109141000,202109141000_UAHKHT1AucY
/et/202109151200,2021-09-15 12:00:00,https://www.youtube.com/watch?v=thGjMwwX-L8,202109151200,202109151200_thGjMwwX-L8
/et/202109151400,2021-09-15 14:00:00,https://www.youtube.com/watch?v=buzCQN0SFbw,202109151400,202109151400_buzCQN0SFbw
/et/202109161000,2021-09-16 10:00:00,https://www.youtube.com/watch?v=_1GENOaKYok,202109161000,202109161000__1GENOaKYok
/et/202109201500,2021-09-20 15:00:00,https://www.youtube.com/watch?v=YGfK8K7dm9Q,202109201500,202109201500_YGfK8K7dm9Q
/et/202109211000,2021-09-21 10:00:00,https://www.youtube.com/watch?v=mzCerMGxKsA,202109211000,202109211000_mzCerMGxKsA
/et/202109221200,2021-09-22 12:00:00,https://www.youtube.com/watch?v=aZcePbP75IA,202109221200,202109221200_aZcePbP75IA
/et/202109221400,2021-09-22 14:00:00,https://www.youtube.com/watch?v=jhpF1Ji_U-A,202109221400,202109221400_jhpF1Ji_U-A
/et/202109231000,2021-09-23 10:00:00,https://www.youtube.com/watch?v=9LUjvu-9vH0,202109231000,202109231000_9LUjvu-9vH0
/et/202109271500,2021-09-27 15:00:00,https://www.youtube.com/watch?v=RfLmNCqj47I,202109271500,202109271500_RfLmNCqj47I
/et/202109291200,2021-09-29 12:00:00,https://www.youtube.com/watch?v=l4g6nv2wORw,202109291200,202109291200_l4g6nv2wORw
/et/202109291400,2021-09-29 14:00:00,https://www.youtube.com/watch?v=fwTK9m0XnHM,202109291400,202109291400_fwTK9m0XnHM
/et/202109301000,2021-09-30 10:00:00,https://www.youtube.com/watch?v=i-M0F4EP3-I,202109301000,202109301000_i-M0F4EP3-I
/et/202110111500,2021-10-11 15:00:00,https://www.youtube.com/watch?v=Ba-bo5wxiyU,202110111500,202110111500_Ba-bo5wxiyU
/et/202110121001,2021-10-12 10:01:00,https://www.youtube.com/watch?v=-T6_VSooeeo,202110121001,202110121001_-T6_VSooeeo
/et/202110131200,2021-10-13 12:00:00,https://www.youtube.com/watch?v=RaLNsLr3-pU,202110131200,202110131200_RaLNsLr3-pU
/et/202110131400,2021-10-13 14:00:00,https://www.youtube.com/watch?v=ZIwDaVlHtO8,202110131400,202110131400_ZIwDaVlHtO8
/et/202110141000,2021-10-14 10:00:00,https://www.youtube.com/watch?v=sdjL3x_RkSQ,202110141000,202110141000_sdjL3x_RkSQ
/et/202110181500,2021-10-18 15:00:00,https://www.youtube.com/watch?v=owLERIcOEwo,202110181500,202110181500_owLERIcOEwo
/et/202110191000,2021-10-19 10:00:00,https://www.youtube.com/watch?v=qAySH26dpfs,202110191000,202110191000_qAySH26dpfs
/et/202110201200,2021-10-20 12:00:00,https://www.youtube.com/watch?v=gas6ylFaVVA,202110201200,202110201200_gas6ylFaVVA
/et/202110201400,2021-10-20 14:00:00,https://www.youtube.com/watch?v=0up-nITZWz8,202110201400,202110201400_0up-nITZWz8
/et/202110211000,2021-10-21 10:00:00,https://www.youtube.com/watch?v=DvNHwTCgrbw,202110211000,202110211000_DvNHwTCgrbw
/et/202110251500,2021-10-25 15:00:00,https://www.youtube.com/watch?v=hVFA915xQu0,202110251500,202110251500_hVFA915xQu0
/et/202110261000,2021-10-26 10:00:00,https://www.youtube.com/watch?v=EPgipt9OWMw,202110261000,202110261000_EPgipt9OWMw
/et/202110271200,2021-10-27 12:00:00,https://www.youtube.com/watch?v=2qtuGL9AXsY,202110271200,202110271200_2qtuGL9AXsY
/et/202110271400,2021-10-27 14:00:00,https://www.youtube.com/watch?v=olwaPIY3SbA,202110271400,202110271400_olwaPIY3SbA
/et/202110281000,2021-10-28 10:00:00,https://www.youtube.com/watch?v=N8qAvHwkxgY,202110281000,202110281000_N8qAvHwkxgY
/et/202111091000,2021-11-09 10:00:00,https://www.youtube.com/watch?v=MC8-aJ76O78,202111091000,202111091000_MC8-aJ76O78
/et/202111101200,2021-11-10 12:00:00,https://www.youtube.com/watch?v=kPt24TxdiPI,202111101200,202111101200_kPt24TxdiPI
/et/202111101400,2021-11-10 14:00:00,https://www.youtube.com/watch?v=r6L57HJZlRI,202111101400,202111101400_r6L57HJZlRI
/et/202111151500,2021-11-15 15:00:00,https://www.youtube.com/watch?v=wilmA9FRnQM,202111151500,202111151500_wilmA9FRnQM
/et/202111161000,2021-11-16 10:00:00,https://www.youtube.com/watch?v=WANwq3fcnnw,202111161000,202111161000_WANwq3fcnnw
/et/202111171200,2021-11-17 12:00:00,https://www.youtube.com/watch?v=JKvVTsNV568,202111171200,202111171200_JKvVTsNV568
/et/202111171400,2021-11-17 14:00:00,https://www.youtube.com/watch?v=GZuwxrusWRQ,202111171400,202111171400_GZuwxrusWRQ
/et/202111181000,2021-11-18 10:00:00,https://www.youtube.com/watch?v=KkKpL-aECmE,202111181000,202111181000_KkKpL-aECmE
/et/202111221500,2021-11-22 15:00:00,https://www.youtube.com/watch?v=FJpDOnhp7X4,202111221500,202111221500_FJpDOnhp7X4
/et/202111231000,2021-11-23 10:00:00,https://www.youtube.com/watch?v=8LpWr3ys8-Q,202111231000,202111231000_8LpWr3ys8-Q
/et/202111251000,2021-11-25 10:00:00,https://www.youtube.com/watch?v=iIG87oj4b6Q,202111251000,202111251000_iIG87oj4b6Q
/et/202112061500,2021-12-06 15:00:00,https://www.youtube.com/watch?v=cuw85Xy3aa0,202112061500,202112061500_cuw85Xy3aa0
/et/202112081200,2021-12-08 12:00:00,https://www.youtube.com/watch?v=YpeyhTrKkBE,202112081200,202112081200_YpeyhTrKkBE
/et/202112081400,2021-12-08 14:00:00,https://www.youtube.com/watch?v=ejVbrzc_29s,202112081400,202112081400_ejVbrzc_29s
/et/202112091000,2021-12-09 10:00:00,https://www.youtube.com/watch?v=FqP5xjcqls0,202112091000,202112091000_FqP5xjcqls0
/et/202112131500,2021-12-13 15:00:00,https://www.youtube.com/watch?v=L3ohKKEiDko,202112131500,202112131500_L3ohKKEiDko
/et/202112141000,2021-12-14 10:00:00,https://www.youtube.com/watch?v=Bzp3_YUipSo,202112141000,202112141000_Bzp3_YUipSo
/et/202112151200,2021-12-15 12:00:00,https://www.youtube.com/watch?v=UfgQJgfzXYs,202112151200,202112151200_UfgQJgfzXYs
/et/202112151400,2021-12-15 14:00:00,https://www.youtube.com/watch?v=zDJHyLtXudk,202112151400,202112151400_zDJHyLtXudk
/et/202112161000,2021-12-16 10:00:00,https://www.youtube.com/watch?v=2Pwfy9tMqT8,202112161000,202112161000_2Pwfy9tMqT8
/et/202201101500,2022-01-10 15:00:00,https://www.youtube.com/watch?v=5iIiEw234bY,202201101500,202201101500_5iIiEw234bY
/et/202201111000,2022-01-11 10:00:00,https://www.youtube.com/watch?v=PNF1hRUsli0,202201111000,202201111000_PNF1hRUsli0
/et/202201121200,2022-01-12 12:00:00,https://www.youtube.com/watch?v=XR34nEPl-bg,202201121200,202201121200_XR34nEPl-bg
/et/202201121400,2022-01-12 14:00:00,https://www.youtube.com/watch?v=JwRrJA8UFXw,202201121400,202201121400_JwRrJA8UFXw
/et/202201171500,2022-01-17 15:00:00,https://www.youtube.com/watch?v=HYe8YT18uXs,202201171500,202201171500_HYe8YT18uXs
/et/202201181000,2022-01-18 10:00:00,https://www.youtube.com/watch?v=IhyHipw6tXw,202201181000,202201181000_IhyHipw6tXw
/et/202201191200,2022-01-19 12:00:00,https://www.youtube.com/watch?v=gX0pQ_AQLg8,202201191200,202201191200_gX0pQ_AQLg8
/et/202201191400,2022-01-19 14:00:00,https://www.youtube.com/watch?v=oiUedKVChLU,202201191400,202201191400_oiUedKVChLU
/et/202201201000,2022-01-20 10:00:00,https://www.youtube.com/watch?v=2gMykBfbKBE,202201201000,202201201000_2gMykBfbKBE
/et/202201241500,2022-01-24 15:00:00,https://www.youtube.com/watch?v=WqWQxrEdn1A,202201241500,202201241500_WqWQxrEdn1A
/et/202201251000,2022-01-25 10:00:00,https://www.youtube.com/watch?v=MX1NQNIvh9E,202201251000,202201251000_MX1NQNIvh9E
/et/202201261200,2022-01-26 12:00:00,https://www.youtube.com/watch?v=RB1cr2wZDRE,202201261200,202201261200_RB1cr2wZDRE
/et/202201271000,2022-01-27 10:00:00,https://www.youtube.com/watch?v=3tXByCYFWw4,202201271000,202201271000_3tXByCYFWw4
/et/202202071500,2022-02-07 15:00:00,https://www.youtube.com/watch?v=Ug6M-WA32lA,202202071500,202202071500_Ug6M-WA32lA
/et/202202081000,2022-02-08 10:00:00,https://www.youtube.com/watch?v=3alCSqKZrvY,202202081000,202202081000_3alCSqKZrvY
/et/202202091200,2022-02-09 12:00:00,https://www.youtube.com/watch?v=d7gzVlP7udA,202202091200,202202091200_d7gzVlP7udA
/et/202202091400,2022-02-09 14:00:00,https://www.youtube.com/watch?v=DSgJLUWlsyI,202202091400,202202091400_DSgJLUWlsyI
/et/202202101000,2022-02-10 10:00:00,https://www.youtube.com/watch?v=RWT7If637tY,202202101000,202202101000_RWT7If637tY
/et/202202141500,2022-02-14 15:00:00,https://www.youtube.com/watch?v=NwoHeHOz25Y,202202141500,202202141500_NwoHeHOz25Y
/et/202202151000,2022-02-15 10:00:00,https://www.youtube.com/watch?v=IEv9z5y_apc,202202151000,202202151000_IEv9z5y_apc
/et/202202161200,2022-02-16 12:00:00,https://www.youtube.com/watch?v=Ot0SvQj_GwI,202202161200,202202161200_Ot0SvQj_GwI
/et/202202161400,2022-02-16 14:00:00,https://www.youtube.com/watch?v=7-yeH41tj2s,202202161400,202202161400_7-yeH41tj2s
/et/202202171000,2022-02-17 10:00:00,https://www.youtube.com/watch?v=aCWUJ7uO-YM,202202171000,202202171000_aCWUJ7uO-YM
/et/202202211500,2022-02-21 15:00:00,https://www.youtube.com/watch?v=h1gX8Yz4pAk,202202211500,202202211500_h1gX8Yz4pAk
/et/202202221000,2022-02-22 10:00:00,https://www.youtube.com/watch?v=qnrtqwZiPUk,202202221000,202202221000_qnrtqwZiPUk
/et/202202231200,2022-02-23 12:00:00,https://www.youtube.com/watch?v=pU4OMOR8MNM,202202231200,202202231200_pU4OMOR8MNM
/et/202202231400,2022-02-23 14:00:00,https://www.youtube.com/watch?v=ADUQxwQMuFQ,202202231400,202202231400_ADUQxwQMuFQ
/et/202202231922,2022-02-23 19:22:00,https://www.youtube.com/watch?v=E4kIyK0ZRoc,202202231922,202202231922_E4kIyK0ZRoc
/et/202203011000,2022-03-01 10:00:00,https://www.youtube.com/watch?v=2ztBc5LGlHs,202203011000,202203011000_2ztBc5LGlHs
/et/202203071500,2022-03-07 15:00:00,https://www.youtube.com/watch?v=u-sJuILp5d0,202203071500,202203071500_u-sJuILp5d0
/et/202203081000,2022-03-08 10:00:00,https://www.youtube.com/watch?v=7pT4fdyMhjA,202203081000,202203081000_7pT4fdyMhjA
/et/202203091200,2022-03-09 12:00:00,https://www.youtube.com/watch?v=XNh_u_PgXBQ,202203091200,202203091200_XNh_u_PgXBQ
/et/202203091400,2022-03-09 14:00:00,https://www.youtube.com/watch?v=PJ186ebQEME,202203091400,202203091400_PJ186ebQEME
/et/202203101000,2022-03-10 10:00:00,https://www.youtube.com/watch?v=uB0DFMoZSK8,202203101000,202203101000_uB0DFMoZSK8
/et/202203141500,2022-03-14 15:00:00,https://www.youtube.com/watch?v=gqmi7AdGqYA,202203141500,202203141500_gqmi7AdGqYA
/et/202203151000,2022-03-15 10:00:00,https://www.youtube.com/watch?v=lgj6_1-wiqo,202203151000,202203151000_lgj6_1-wiqo
/et/202203161200,2022-03-16 12:00:00,https://www.youtube.com/watch?v=j1QTCiWJ6Hw,202203161200,202203161200_j1QTCiWJ6Hw
/et/202203161400,2022-03-16 14:00:00,https://www.youtube.com/watch?v=Gc5CrQ2TbGU,202203161400,202203161400_Gc5CrQ2TbGU
/et/202203211500,2022-03-21 15:00:00,https://www.youtube.com/watch?v=8Ndim7Lm6b0,202203211500,202203211500_8Ndim7Lm6b0
/et/202203221000,2022-03-22 10:00:00,https://www.youtube.com/watch?v=Z7dfSHvoka4,202203221000,202203221000_Z7dfSHvoka4
/et/202203231200,2022-03-23 12:00:00,https://www.youtube.com/watch?v=kiNsmt4wIGc,202203231200,202203231200_kiNsmt4wIGc
/et/202203241000,2022-03-24 10:00:00,https://www.youtube.com/watch?v=J-7DcWqNcJg,202203241000,202203241000_J-7DcWqNcJg
/et/202204041500,2022-04-04 15:00:00,https://www.youtube.com/watch?v=OlozJ4XlAJA,202204041500,202204041500_OlozJ4XlAJA
/et/202204051000,2022-04-05 10:00:00,https://www.youtube.com/watch?v=yZRsnzNX2I4,202204051000,202204051000_yZRsnzNX2I4
/et/202204061200,2022-04-06 12:00:00,https://www.youtube.com/watch?v=fvRKjuJ_8HE,202204061200,202204061200_fvRKjuJ_8HE
/et/202204061400,2022-04-06 14:00:00,https://www.youtube.com/watch?v=kGe6q90o4oc,202204061400,202204061400_kGe6q90o4oc
/et/202204071000,2022-04-07 10:00:00,https://www.youtube.com/watch?v=ud_R132khxI,202204071000,202204071000_ud_R132khxI
/et/202204111500,2022-04-11 15:00:00,https://www.youtube.com/watch?v=jJ0VupWZGhg,202204111500,202204111500_jJ0VupWZGhg
/et/202204121000,2022-04-12 10:00:00,https://www.youtube.com/watch?v=VwPA4ZDwD_8,202204121000,202204121000_VwPA4ZDwD_8
/et/202204131230,2022-04-13 12:30:00,https://www.youtube.com/watch?v=Ok4YYPRPWRI,202204131230,202204131230_Ok4YYPRPWRI
/et/202204181500,2022-04-18 15:00:00,https://www.youtube.com/watch?v=JewYY0Pn1mA,202204181500,202204181500_JewYY0Pn1mA
/et/202204191000,2022-04-19 10:00:00,https://www.youtube.com/watch?v=bzszROMK8EQ,202204191000,202204191000_bzszROMK8EQ
/et/202204201200,2022-04-20 12:00:00,https://www.youtube.com/watch?v=JNCsVqmsXZI,202204201200,202204201200_JNCsVqmsXZI
/et/202204201400,2022-04-20 14:00:00,https://www.youtube.com/watch?v=MfgzluqB230,202204201400,202204201400_MfgzluqB230
/et/202204211000,2022-04-21 10:00:00,https://www.youtube.com/watch?v=1NxP9Ln7_uY,202204211000,202204211000_1NxP9Ln7_uY
/et/202204211143,2022-04-21 11:43:00,https://www.youtube.com/watch?v=06tmBhdCDAk,202204211143,202204211143_06tmBhdCDAk
/et/202205021500,2022-05-02 15:00:00,https://www.youtube.com/watch?v=KG-OISDYn0I,202205021500,202205021500_KG-OISDYn0I
/et/202205031000,2022-05-03 10:00:00,https://www.youtube.com/watch?v=4clE_x-nTBw,202205031000,202205031000_4clE_x-nTBw
/et/202205041200,2022-05-04 12:00:00,https://www.youtube.com/watch?v=dY64E6q7SOQ,202205041200,202205041200_dY64E6q7SOQ
/et/202205041400,2022-05-04 14:00:00,https://www.youtube.com/watch?v=ioDRO8FWMkY,202205041400,202205041400_ioDRO8FWMkY
/et/202205041700,2022-05-04 17:00:00,https://www.youtube.com/watch?v=owShlViN528,202205041700,202205041700_owShlViN528
/et/202205051000,2022-05-05 10:00:00,https://www.youtube.com/watch?v=CgJ9FuauPJE,202205051000,202205051000_CgJ9FuauPJE
/et/202205091500,2022-05-09 15:00:00,https://www.youtube.com/watch?v=VQrZFYGkzIM,202205091500,202205091500_VQrZFYGkzIM
/et/202205101000,2022-05-10 10:00:00,https://www.youtube.com/watch?v=8MeZgB2xx3U,202205101000,202205101000_8MeZgB2xx3U
/et/202205111200,2022-05-11 12:00:00,https://www.youtube.com/watch?v=uFkJIHZ73KM,202205111200,202205111200_uFkJIHZ73KM
/et/202205111400,2022-05-11 14:00:00,https://www.youtube.com/watch?v=y1FZMnOolro,202205111400,202205111400_y1FZMnOolro
/et/202205121000,2022-05-12 10:00:00,https://www.youtube.com/watch?v=t0F5vhc9mVw,202205121000,202205121000_t0F5vhc9mVw
/et/202205161500,2022-05-16 15:00:00,https://www.youtube.com/watch?v=acQzIY4DSWE,202205161500,202205161500_acQzIY4DSWE
/et/202205171000,2022-05-17 10:00:00,https://www.youtube.com/watch?v=bfGtoSoY-KY,202205171000,202205171000_bfGtoSoY-KY
/et/202205181200,2022-05-18 12:00:00,https://www.youtube.com/watch?v=l02N7awTYig,202205181200,202205181200_l02N7awTYig
/et/202205191000,2022-05-19 10:00:00,https://www.youtube.com/watch?v=Yc_tUACAVDw,202205191000,202205191000_Yc_tUACAVDw
/et/202205301500,2022-05-30 15:00:00,https://www.youtube.com/watch?v=xMaQfDCKcFM,202205301500,202205301500_xMaQfDCKcFM
/et/202205311000,2022-05-31 10:00:00,https://www.youtube.com/watch?v=O6vjR7lrWUs,202205311000,202205311000_O6vjR7lrWUs
/et/202206011200,2022-06-01 12:00:00,https://www.youtube.com/watch?v=juMSrg8rP5k,202206011200,202206011200_juMSrg8rP5k
/et/202206011400,2022-06-01 14:00:00,https://www.youtube.com/watch?v=1lJiuiSbhfY,202206011400,202206011400_1lJiuiSbhfY
/et/202206021000,2022-06-02 10:00:00,https://www.youtube.com/watch?v=lLLBIw8R3ss,202206021000,202206021000_lLLBIw8R3ss
/et/202206061500,2022-06-06 15:00:00,https://www.youtube.com/watch?v=IiHoaXCjkyc,202206061500,202206061500_IiHoaXCjkyc
/et/202206071000,2022-06-07 10:00:00,https://www.youtube.com/watch?v=9GVWuieb6MU,202206071000,202206071000_9GVWuieb6MU
/et/202206081200,2022-06-08 12:00:00,https://www.youtube.com/watch?v=nepNeQNmPXo,202206081200,202206081200_nepNeQNmPXo
/et/202206081400,2022-06-08 14:00:00,https://www.youtube.com/watch?v=zfS7XPdDgdU,202206081400,202206081400_zfS7XPdDgdU
/et/202206091000,2022-06-09 10:00:00,https://www.youtube.com/watch?v=aLMdTgjOmdM,202206091000,202206091000_aLMdTgjOmdM
/et/202206131500,2022-06-13 15:00:00,https://www.youtube.com/watch?v=Vqb5UIAfhHQ,202206131500,202206131500_Vqb5UIAfhHQ
/et/202206141000,2022-06-14 10:00:00,https://www.youtube.com/watch?v=PjKAk-tTZqQ,202206141000,202206141000_PjKAk-tTZqQ
/et/202206151200,2022-06-15 12:00:00,https://www.youtube.com/watch?v=PF0xHwPccNc,202206151200,202206151200_PF0xHwPccNc
/et/202206151400,2022-06-15 14:00:00,https://www.youtube.com/watch?v=GExHEGk8IYU,202206151400,202206151400_GExHEGk8IYU
/et/202206161000,2022-06-16 10:00:00,https://www.youtube.com/watch?v=-7E-C73qJYM,202206161000,202206161000_-7E-C73qJYM
/et/202206161045,2022-06-16 10:45:00,https://www.youtube.com/watch?v=6jknhH9z_pQ,202206161045,202206161045_6jknhH9z_pQ
/et/202207061200,2022-07-06 12:00:00,https://www.youtube.com/watch?v=i-fSQGELAHQ,202207061200,202207061200_i-fSQGELAHQ
/et/202207150900,2022-07-15 09:00:00,https://www.youtube.com/watch?v=UnSXQuzLCQo,202207150900,202207150900_UnSXQuzLCQo
/et/202207151007,2022-07-15 10:07:00,https://www.youtube.com/watch?v=iMObPjgogiY,202207151007,202207151007_iMObPjgogiY
/et/202207181500,2022-07-18 15:00:00,https://www.youtube.com/watch?v=ABioF5yc6Ug,202207181500,202207181500_ABioF5yc6Ug
/et/202207190900,2022-07-19 09:00:00,https://www.youtube.com/watch?v=1RmdkkHegN0,202207190900,202207190900_1RmdkkHegN0
/et/202208311600,2022-08-31 16:00:00,https://www.youtube.com/watch?v=dCZ_JLWAw88,202208311600,202208311600_dCZ_JLWAw88
/et/202209121500,2022-09-12 15:00:00,https://www.youtube.com/watch?v=IcrFR-k8RsM,202209121500,202209121500_IcrFR-k8RsM
/et/202209131000,2022-09-13 10:00:00,https://www.youtube.com/watch?v=eBav4_EuP9s,202209131000,202209131000_eBav4_EuP9s
/et/202209141200,2022-09-14 12:00:00,https://www.youtube.com/watch?v=HrD3oFXqRYQ,202209141200,202209141200_HrD3oFXqRYQ
/et/202209141400,2022-09-14 14:00:00,https://www.youtube.com/watch?v=z7Sdvq1_FbQ,202209141400,202209141400_z7Sdvq1_FbQ
/et/202209151000,2022-09-15 10:00:00,https://www.youtube.com/watch?v=l9vLTft2AvQ,202209151000,202209151000_l9vLTft2AvQ
/et/202209191500,2022-09-19 15:00:00,https://www.youtube.com/watch?v=0-BkiMgGU9w,202209191500,202209191500_0-BkiMgGU9w
/et/202209201000,2022-09-20 10:00:00,https://www.youtube.com/watch?v=dfzjR0lbLNU,202209201000,202209201000_dfzjR0lbLNU
/et/202209211200,2022-09-21 12:00:00,https://www.youtube.com/watch?v=9KMD1XbjS0Y,202209211200,202209211200_9KMD1XbjS0Y
/et/202209211400,2022-09-21 14:00:00,https://www.youtube.com/watch?v=FDwwCnLvD1w,202209211400,202209211400_FDwwCnLvD1w
/et/202209221000,2022-09-22 10:00:00,https://www.youtube.com/watch?v=EnG5flBzFVQ,202209221000,202209221000_EnG5flBzFVQ
/et/202209261500,2022-09-26 15:00:00,https://www.youtube.com/watch?v=kEKLPJqLD3U,202209261500,202209261500_kEKLPJqLD3U
/et/202209271000,2022-09-27 10:00:00,https://www.youtube.com/watch?v=4zdDZpC4F4w,202209271000,202209271000_4zdDZpC4F4w
/et/202209281200,2022-09-28 12:00:00,https://www.youtube.com/watch?v=XPn4Kfov_wU,202209281200,202209281200_XPn4Kfov_wU
/et/202209281400,2022-09-28 14:00:00,https://www.youtube.com/watch?v=fiH9djENbaE,202209281400,202209281400_fiH9djENbaE
/et/202209291000,2022-09-29 10:00:00,https://www.youtube.com/watch?v=F9JO7QEYCAY,202209291000,202209291000_F9JO7QEYCAY
/et/202210101500,2022-10-10 15:00:00,https://www.youtube.com/watch?v=JD1x3hCvLGw,202210101500,202210101500_JD1x3hCvLGw
/et/202210111000,2022-10-11 10:00:00,https://www.youtube.com/watch?v=PGZmsa6tMx0,202210111000,202210111000_PGZmsa6tMx0
/et/202210121200,2022-10-12 12:00:00,https://www.youtube.com/watch?v=5jsyXZZcDDE,202210121200,202210121200_5jsyXZZcDDE
/et/202210121400,2022-10-12 14:00:00,https://www.youtube.com/watch?v=K5NiiAGueak,202210121400,202210121400_K5NiiAGueak
/et/202210131000,2022-10-13 10:00:00,https://www.youtube.com/watch?v=mwKQi2yZHM0,202210131000,202210131000_mwKQi2yZHM0
/et/202210171500,2022-10-17 15:00:00,https://www.youtube.com/watch?v=rWHqjdxLVlw,202210171500,202210171500_rWHqjdxLVlw
/et/202210181000,2022-10-18 10:00:00,https://www.youtube.com/watch?v=V0wUSiwX4KI,202210181000,202210181000_V0wUSiwX4KI
/et/202210191200,2022-10-19 12:00:00,https://www.youtube.com/watch?v=g42eZnwbfzs,202210191200,202210191200_g42eZnwbfzs
/et/202210191400,2022-10-19 14:00:00,https://www.youtube.com/watch?v=sKrjvnx3L8w,202210191400,202210191400_sKrjvnx3L8w
/et/202210201000,2022-10-20 10:00:00,https://www.youtube.com/watch?v=3p6c-ev5J9g,202210201000,202210201000_3p6c-ev5J9g
/et/202210241500,2022-10-24 15:00:00,https://www.youtube.com/watch?v=hbnJPrFsivI,202210241500,202210241500_hbnJPrFsivI
/et/202210251000,2022-10-25 10:00:00,https://www.youtube.com/watch?v=1muK1MrZwx4,202210251000,202210251000_1muK1MrZwx4
/et/202210261200,2022-10-26 12:00:00,https://www.youtube.com/watch?v=fsS30ex-ufQ,202210261200,202210261200_fsS30ex-ufQ
/et/202210261400,2022-10-26 14:00:00,https://www.youtube.com/watch?v=v3yMQrm_adU,202210261400,202210261400_v3yMQrm_adU
/et/202210271000,2022-10-27 10:00:00,https://www.youtube.com/watch?v=3dmfcdk00UQ,202210271000,202210271000_3dmfcdk00UQ
/et/202211071500,2022-11-07 15:00:00,https://www.youtube.com/watch?v=LUQ4TMOFZdA,202211071500,202211071500_LUQ4TMOFZdA
/et/202211081000,2022-11-08 10:00:00,https://www.youtube.com/watch?v=JllclLnV80o,202211081000,202211081000_JllclLnV80o
/et/202211091200,2022-11-09 12:00:00,https://www.youtube.com/watch?v=7BNYx2tTZpI,202211091200,202211091200_7BNYx2tTZpI
/et/202211091400,2022-11-09 14:00:00,https://www.youtube.com/watch?v=I4psYiA-Mig,202211091400,202211091400_I4psYiA-Mig
/et/202211101000,2022-11-10 10:00:00,https://www.youtube.com/watch?v=fquavXaCL3M,202211101000,202211101000_fquavXaCL3M
/et/202211141500,2022-11-14 15:00:00,https://www.youtube.com/watch?v=WMyNRmTlogE,202211141500,202211141500_WMyNRmTlogE
/et/202211151000,2022-11-15 10:00:00,https://www.youtube.com/watch?v=IG1H20MAxhM,202211151000,202211151000_IG1H20MAxhM
/et/202211161200,2022-11-16 12:00:00,https://www.youtube.com/watch?v=W_HgldWxsng,202211161200,202211161200_W_HgldWxsng
/et/202211161400,2022-11-16 14:00:00,https://www.youtube.com/watch?v=DWNv2adnx5E,202211161400,202211161400_DWNv2adnx5E
/et/202211171000,2022-11-17 10:00:00,https://www.youtube.com/watch?v=mzykaSRQE4k,202211171000,202211171000_mzykaSRQE4k
/et/202211211500,2022-11-21 15:00:00,https://www.youtube.com/watch?v=ZFNHffh8NJk,202211211500,202211211500_ZFNHffh8NJk
/et/202211221000,2022-11-22 10:00:00,https://www.youtube.com/watch?v=5HFnZ3qnVAg,202211221000,202211221000_5HFnZ3qnVAg
/et/202211231200,2022-11-23 12:00:00,https://www.youtube.com/watch?v=QRVs6-b9HqQ,202211231200,202211231200_QRVs6-b9HqQ
/et/202211231400,2022-11-23 14:00:00,https://www.youtube.com/watch?v=Ad2cqQLcYz8,202211231400,202211231400_Ad2cqQLcYz8
/et/202211241000,2022-11-24 10:00:00,https://www.youtube.com/watch?v=1ed0SMEUmns,202211241000,202211241000_1ed0SMEUmns
/et/202212051500,2022-12-05 15:00:00,https://www.youtube.com/watch?v=DOyGWiYJG-k,202212051500,202212051500_DOyGWiYJG-k
/et/202212061000,2022-12-06 10:00:00,https://www.youtube.com/watch?v=7iLtg6InT_s,202212061000,202212061000_7iLtg6InT_s
/et/202212071200,2022-12-07 12:00:00,https://www.youtube.com/watch?v=bWYTOxmHYtE,202212071200,202212071200_bWYTOxmHYtE
/et/202212071400,2022-12-07 14:00:00,https://www.youtube.com/watch?v=fNDZJle3Xx4,202212071400,202212071400_fNDZJle3Xx4
/et/202212081000,2022-12-08 10:00:00,https://www.youtube.com/watch?v=ghdH1hdONcQ,202212081000,202212081000_ghdH1hdONcQ
/et/202212121500,2022-12-12 15:00:00,https://www.youtube.com/watch?v=V5KCxXLAVyc,202212121500,202212121500_V5KCxXLAVyc
/et/202212131000,2022-12-13 10:00:00,https://www.youtube.com/watch?v=oukCMmyzSvk,202212131000,202212131000_oukCMmyzSvk
/et/202212141200,2022-12-14 12:00:00,https://www.youtube.com/watch?v=RhisS3-8ogw,202212141200,202212141200_RhisS3-8ogw
/et/202212141400,2022-12-14 14:00:00,https://www.youtube.com/watch?v=xker_lBOjl8,202212141400,202212141400_xker_lBOjl8
/et/202212151000,2022-12-15 10:00:00,https://www.youtube.com/watch?v=Wxpvs5IFpn4,202212151000,202212151000_Wxpvs5IFpn4
/et/202212280900,2022-12-28 09:00:00,https://www.youtube.com/watch?v=s7EysRyCEKM,202212280900,202212280900_s7EysRyCEKM
/et/202212281100,2022-12-28 11:00:00,https://www.youtube.com/watch?v=ojXYg50HEPU,202212281100,202212281100_ojXYg50HEPU
/et/202212281228,2022-12-28 12:28:00,https://www.youtube.com/watch?v=lAoe_GuUW-g,202212281228,202212281228_lAoe_GuUW-g
/et/202212281435,2022-12-28 14:35:00,https://www.youtube.com/watch?v=qIJ7OQKH6qA,202212281435,202212281435_qIJ7OQKH6qA
/et/202301091500,2023-01-09 15:00:00,https://www.youtube.com/watch?v=FBVBcxDWztA,202301091500,202301091500_FBVBcxDWztA
/et/202301101000,2023-01-10 10:00:00,https://www.youtube.com/watch?v=VSFIMVBmXLI,202301101000,202301101000_VSFIMVBmXLI
/et/202301111200,2023-01-11 12:00:00,https://www.youtube.com/watch?v=Zk2imR4oiEk,202301111200,202301111200_Zk2imR4oiEk
/et/202301111400,2023-01-11 14:00:00,https://www.youtube.com/watch?v=xZzk31uR20o,202301111400,202301111400_xZzk31uR20o
/et/202301121000,2023-01-12 10:00:00,https://www.youtube.com/watch?v=oCEsf196T8g,202301121000,202301121000_oCEsf196T8g
/et/202301161500,2023-01-16 15:00:00,https://www.youtube.com/watch?v=mSUNrWxgEc0,202301161500,202301161500_mSUNrWxgEc0
/et/202301171000,2023-01-17 10:00:00,https://www.youtube.com/watch?v=uEokOwjCnCk,202301171000,202301171000_uEokOwjCnCk
/et/202301181200,2023-01-18 12:00:00,https://www.youtube.com/watch?v=xwz_e7UyUHo,202301181200,202301181200_xwz_e7UyUHo
/et/202301181400,2023-01-18 14:00:00,https://www.youtube.com/watch?v=rM98XlT7a4s,202301181400,202301181400_rM98XlT7a4s
/et/202301191000,2023-01-19 10:00:00,https://www.youtube.com/watch?v=ZLegwkN8Fwo,202301191000,202301191000_ZLegwkN8Fwo
/et/202301231500,2023-01-23 15:00:00,https://www.youtube.com/watch?v=I0HawMQiEdg,202301231500,202301231500_I0HawMQiEdg
/et/202301241000,2023-01-24 10:00:00,https://www.youtube.com/watch?v=jXfGYGxcBT0,202301241000,202301241000_jXfGYGxcBT0
/et/202301251200,2023-01-25 12:00:00,https://www.youtube.com/watch?v=UG7s6vIqRdc,202301251200,202301251200_UG7s6vIqRdc
/et/202301251400,2023-01-25 14:00:00,https://www.youtube.com/watch?v=b78niJM5nd4,202301251400,202301251400_b78niJM5nd4
/et/202301261000,2023-01-26 10:00:00,https://www.youtube.com/watch?v=TeY95yr6d_s,202301261000,202301261000_TeY95yr6d_s
/et/202302061500,2023-02-06 15:00:00,https://www.youtube.com/watch?v=Wd0XcPf90dY,202302061500,202302061500_Wd0XcPf90dY
/et/202302071000,2023-02-07 10:00:00,https://www.youtube.com/watch?v=RdsLjqLgR-4,202302071000,202302071000_RdsLjqLgR-4
/et/202302081200,2023-02-08 12:00:00,https://www.youtube.com/watch?v=S8GpxBju4_w,202302081200,202302081200_S8GpxBju4_w
/et/202302081400,2023-02-08 14:00:00,https://www.youtube.com/watch?v=5XYqD1wxJwc,202302081400,202302081400_5XYqD1wxJwc
/et/202302091000,2023-02-09 10:00:00,https://www.youtube.com/watch?v=zoPyogWdPLo,202302091000,202302091000_zoPyogWdPLo
/et/202302131500,2023-02-13 15:00:00,https://www.youtube.com/watch?v=QsQCsRgxJYk,202302131500,202302131500_QsQCsRgxJYk
/et/202302141000,2023-02-14 10:00:00,https://www.youtube.com/watch?v=zcVHztwxbhU,202302141000,202302141000_zcVHztwxbhU
/et/202302151200,2023-02-15 12:00:00,https://www.youtube.com/watch?v=dAN_0Y0BEmM,202302151200,202302151200_dAN_0Y0BEmM
/et/202302151400,2023-02-15 14:00:00,https://www.youtube.com/watch?v=um-sGLA7aWg,202302151400,202302151400_um-sGLA7aWg
/et/202302161000,2023-02-16 10:00:00,https://www.youtube.com/watch?v=nyKzPXyLezw,202302161000,202302161000_nyKzPXyLezw
/et/202302201500,2023-02-20 15:00:00,https://www.youtube.com/watch?v=Li_fH3kAdlI,202302201500,202302201500_Li_fH3kAdlI
/et/202302211000,2023-02-21 10:00:00,https://www.youtube.com/watch?v=0wNptPbK6b0,202302211000,202302211000_0wNptPbK6b0
/et/202302221200,2023-02-22 12:00:00,https://www.youtube.com/watch?v=5gAs8TPyjbA,202302221200,202302221200_5gAs8TPyjbA
/et/202302221400,2023-02-22 14:00:00,https://www.youtube.com/watch?v=AeqDmT48_Ss,202302221400,202302221400_AeqDmT48_Ss
/et/202304101400,2023-04-10 14:00:00,https://www.youtube.com/watch?v=x3Meb-_7K8A,202304101400,202304101400_x3Meb-_7K8A
/et/202304111000,2023-04-11 10:00:00,https://www.youtube.com/watch?v=HnPgbtAF00g,202304111000,202304111000_HnPgbtAF00g
/et/202304121400,2023-04-12 14:00:00,https://www.youtube.com/watch?v=I4e5-jaf_2M,202304121400,202304121400_I4e5-jaf_2M
/et/202304171500,2023-04-17 15:00:00,https://www.youtube.com/watch?v=ou0tvuRRSxo,202304171500,202304171500_ou0tvuRRSxo
/et/202304181000,2023-04-18 10:00:00,https://www.youtube.com/watch?v=g2tIe-reujw,202304181000,202304181000_g2tIe-reujw
/et/202304191200,2023-04-19 12:00:00,https://www.youtube.com/watch?v=xLLy1puYcNM,202304191200,202304191200_xLLy1puYcNM
/et/202304191400,2023-04-19 14:00:00,https://www.youtube.com/watch?v=CZRDiKBPPnI,202304191400,202304191400_CZRDiKBPPnI
/et/202304241500,2023-04-24 15:00:00,https://www.youtube.com/watch?v=bkB7PGU6mhg,202304241500,202304241500_bkB7PGU6mhg
/et/202304261200,2023-04-26 12:00:00,https://www.youtube.com/watch?v=m9UJhvQh4Cs,202304261200,202304261200_m9UJhvQh4Cs
/et/202304271000,2023-04-27 10:00:00,https://www.youtube.com/watch?v=6mBYUJQfft8,202304271000,202304271000_6mBYUJQfft8
/et/202305101200,2023-05-10 12:00:00,https://www.youtube.com/watch?v=oJe9jzAC790,202305101200,202305101200_oJe9jzAC790
/et/202305161000,2023-05-16 10:00:00,https://www.youtube.com/watch?v=pAPAPgjMGCo,202305161000,202305161000_pAPAPgjMGCo
/et/202305171200,2023-05-17 12:00:00,https://www.youtube.com/watch?v=sk1HcSQX3jc,202305171200,202305171200_sk1HcSQX3jc
/et/202305171400,2023-05-17 14:00:00,https://www.youtube.com/watch?v=UrnjyrwMZ8Q,202305171400,202305171400_UrnjyrwMZ8Q
/et/202305181000,2023-05-18 10:00:00,https://www.youtube.com/watch?v=QzLNHORS5MI,202305181000,202305181000_QzLNHORS5MI
/et/202305221500,2023-05-22 15:00:00,https://www.youtube.com/watch?v=U-pbxTf4R3c,202305221500,202305221500_U-pbxTf4R3c
/et/202305231000,2023-05-23 10:00:00,https://www.youtube.com/watch?v=kprjFOtepBo,202305231000,202305231000_kprjFOtepBo
/et/202305241200,2023-05-24 12:00:00,https://www.youtube.com/watch?v=dFhzgvMazV4,202305241200,202305241200_dFhzgvMazV4
/et/202305241400,2023-05-24 14:00:00,https://www.youtube.com/watch?v=K-VQGrfMCdg,202305241400,202305241400_K-VQGrfMCdg
/et/202305251000,2023-05-25 10:00:00,https://www.youtube.com/watch?v=UqRFvCVfxTc,202305251000,202305251000_UqRFvCVfxTc
/et/202306051500,2023-06-05 15:00:00,https://www.youtube.com/watch?v=RkPSHLI2Wkc,202306051500,202306051500_RkPSHLI2Wkc
/et/202306061000,2023-06-06 10:00:00,https://www.youtube.com/watch?v=Y-sK7hpq80A,202306061000,202306061000_Y-sK7hpq80A
/et/202306071200,2023-06-07 12:00:00,https://www.youtube.com/watch?v=9c2AVESblGY,202306071200,202306071200_9c2AVESblGY
/et/202306071400,2023-06-07 14:00:00,https://www.youtube.com/watch?v=9bn3N1tXvug,202306071400,202306071400_9bn3N1tXvug
/et/202306081000,2023-06-08 10:00:00,https://www.youtube.com/watch?v=NuOMrmuxqFo,202306081000,202306081000_NuOMrmuxqFo
/et/202306121500,2023-06-12 15:00:00,https://www.youtube.com/watch?v=grFY-lVeHhU,202306121500,202306121500_grFY-lVeHhU
/et/202306131000,2023-06-13 10:00:00,https://www.youtube.com/watch?v=BOEfkVczuVU,202306131000,202306131000_BOEfkVczuVU
/et/202306141200,2023-06-14 12:00:00,https://www.youtube.com/watch?v=p9x1xnMppnc,202306141200,202306141200_p9x1xnMppnc
/et/202306151000,2023-06-15 10:00:00,https://www.youtube.com/watch?v=afOa7ok3ibU,202306151000,202306151000_afOa7ok3ibU
/et/202306201340,2023-06-20 13:40:00,https://www.youtube.com/watch?v=zwe3hjQWtv0,202306201340,202306201340_zwe3hjQWtv0
/et/202309111500,2023-09-11 15:00:00,https://www.youtube.com/watch?v=tQ11rR1f0io,202309111500,202309111500_tQ11rR1f0io
/et/202309121000,2023-09-12 10:00:00,https://www.youtube.com/watch?v=qv6pHT046kM,202309121000,202309121000_qv6pHT046kM
/et/202309131200,2023-09-13 12:00:00,https://www.youtube.com/watch?v=04YuoP-YBjk,202309131200,202309131200_04YuoP-YBjk
/et/202309131400,2023-09-13 14:00:00,https://www.youtube.com/watch?v=dMBpP4I4GLE,202309131400,202309131400_dMBpP4I4GLE
/et/202309141000,2023-09-14 10:00:00,https://www.youtube.com/watch?v=D6YuOZML1pA,202309141000,202309141000_D6YuOZML1pA
/et/202309181500,2023-09-18 15:00:00,https://www.youtube.com/watch?v=RKzUV8QkySM,202309181500,202309181500_RKzUV8QkySM
/et/202309191000,2023-09-19 10:00:00,https://www.youtube.com/watch?v=scA39kV9UQc,202309191000,202309191000_scA39kV9UQc
/et/202309201200,2023-09-20 12:00:00,https://www.youtube.com/watch?v=bJSLK4GPd_E,202309201200,202309201200_bJSLK4GPd_E
/et/202309201400,2023-09-20 14:00:00,https://www.youtube.com/watch?v=NSzn_0ReUQ8,202309201400,202309201400_NSzn_0ReUQ8
/et/202309211000,2023-09-21 10:00:00,https://www.youtube.com/watch?v=tgCWDkgfJ6s,202309211000,202309211000_tgCWDkgfJ6s
/et/202309251500,2023-09-25 15:00:00,https://www.youtube.com/watch?v=W62rTe_lpYE,202309251500,202309251500_W62rTe_lpYE
/et/202309261000,2023-09-26 10:00:00,https://www.youtube.com/watch?v=T42HL105mzo,202309261000,202309261000_T42HL105mzo
/et/202309271200,2023-09-27 12:00:00,https://www.youtube.com/watch?v=7miTzSGalac,202309271200,202309271200_7miTzSGalac
/et/202309271400,2023-09-27 14:00:00,https://www.youtube.com/watch?v=nRNDxE-oyy8,202309271400,202309271400_nRNDxE-oyy8
/et/202309281000,2023-09-28 10:00:00,https://www.youtube.com/watch?v=LiJAg0e7eU0,202309281000,202309281000_LiJAg0e7eU0
/et/202310091500,2023-10-09 15:00:00,https://www.youtube.com/watch?v=cMrvkezHc-I,202310091500,202310091500_cMrvkezHc-I
/et/202310101000,2023-10-10 10:00:00,https://www.youtube.com/watch?v=ijKrEJZpk6w,202310101000,202310101000_ijKrEJZpk6w
/et/202310111200,2023-10-11 12:00:00,https://www.youtube.com/watch?v=B1ur5O2m6uA,202310111200,202310111200_B1ur5O2m6uA
/et/202310121000,2023-10-12 10:00:00,https://www.youtube.com/watch?v=dqsweKiM06w,202310121000,202310121000_dqsweKiM06w
/et/202310161500,2023-10-16 15:00:00,https://www.youtube.com/watch?v=lXufeDwBeWI,202310161500,202310161500_lXufeDwBeWI
/et/202310171000,2023-10-17 10:00:00,https://www.youtube.com/watch?v=rDClGsvX7j8,202310171000,202310171000_rDClGsvX7j8
/et/202310181200,2023-10-18 12:00:00,https://www.youtube.com/watch?v=YJKJ0UFaJxE,202310181200,202310181200_YJKJ0UFaJxE
/et/202310191000,2023-10-19 10:00:00,https://www.youtube.com/watch?v=OtPLrRCdXQU,202310191000,202310191000_OtPLrRCdXQU
/et/202310231500,2023-10-23 15:00:00,https://www.youtube.com/watch?v=cHRVWpMyQQI,202310231500,202310231500_cHRVWpMyQQI
/et/202310241000,2023-10-24 10:00:00,https://www.youtube.com/watch?v=6vbbPI2gaW8,202310241000,202310241000_6vbbPI2gaW8
/et/202310251200,2023-10-25 12:00:00,https://www.youtube.com/watch?v=WgCxiK8jX0g,202310251200,202310251200_WgCxiK8jX0g
/et/202310251400,2023-10-25 14:00:00,https://www.youtube.com/watch?v=RPzR_oJrmxE,202310251400,202310251400_RPzR_oJrmxE
/et/202310261000,2023-10-26 10:00:00,https://www.youtube.com/watch?v=daTTI_4L7N0,202310261000,202310261000_daTTI_4L7N0
/et/202311061500,2023-11-06 15:00:00,https://www.youtube.com/watch?v=IjOzOEt8hVo,202311061500,202311061500_IjOzOEt8hVo
/et/202311071000,2023-11-07 10:00:00,https://www.youtube.com/watch?v=sgcDi2a-rok,202311071000,202311071000_sgcDi2a-rok
/et/202311091000,2023-11-09 10:00:00,https://www.youtube.com/watch?v=91iuaz-lgVA,202311091000,202311091000_91iuaz-lgVA
/et/202311131500,2023-11-13 15:00:00,https://www.youtube.com/watch?v=lKiUvshXGg8,202311131500,202311131500_lKiUvshXGg8
/et/202311141000,2023-11-14 10:00:00,https://www.youtube.com/watch?v=1J5U5T_5ic4,202311141000,202311141000_1J5U5T_5ic4
/et/202311151200,2023-11-15 12:00:00,https://www.youtube.com/watch?v=MQfzKlMiPws,202311151200,202311151200_MQfzKlMiPws
/et/202311151400,2023-11-15 14:00:00,https://www.youtube.com/watch?v=qeccpS3AE2c,202311151400,202311151400_qeccpS3AE2c
/et/202311161000,2023-11-16 10:00:00,https://www.youtube.com/watch?v=B4yL7nB5Zpc,202311161000,202311161000_B4yL7nB5Zpc
/et/202311201500,2023-11-20 15:00:00,https://www.youtube.com/watch?v=WS01aqP6uhQ,202311201500,202311201500_WS01aqP6uhQ
/et/202311211000,2023-11-21 10:00:00,https://www.youtube.com/watch?v=rIRl51VENSY,202311211000,202311211000_rIRl51VENSY
/et/202311221200,2023-11-22 12:00:00,https://www.youtube.com/watch?v=vP0WyT-_f74,202311221200,202311221200_vP0WyT-_f74
/et/202311231000,2023-11-23 10:00:00,https://www.youtube.com/watch?v=WX7WWSwFZGI,202311231000,202311231000_WX7WWSwFZGI
/et/202312041500,2023-12-04 15:00:00,https://www.youtube.com/watch?v=Jbdj1a21Bsg,202312041500,202312041500_Jbdj1a21Bsg
/et/202312051000,2023-12-05 10:00:00,https://www.youtube.com/watch?v=O9CyraWPYTs,202312051000,202312051000_O9CyraWPYTs
/et/202312061200,2023-12-06 12:00:00,https://www.youtube.com/watch?v=Pk7UQ8ThY_g,202312061200,202312061200_Pk7UQ8ThY_g
/et/202312071000,2023-12-07 10:00:00,https://www.youtube.com/watch?v=U9mLxQWfDRM,202312071000,202312071000_U9mLxQWfDRM
/et/202312081100,2023-12-08 11:00:00,https://www.youtube.com/watch?v=QGND6z2nrrc,202312081100,202312081100_QGND6z2nrrc
/et/202312111500,2023-12-11 15:00:00,https://www.youtube.com/watch?v=CT4RBswRWhY,202312111500,202312111500_CT4RBswRWhY
/et/202312121000,2023-12-12 10:00:00,https://www.youtube.com/watch?v=S4Epm0GQHgI,202312121000,202312121000_S4Epm0GQHgI
/et/202312131200,2023-12-13 12:00:00,https://www.youtube.com/watch?v=pNQo-9GPIr8,202312131200,202312131200_pNQo-9GPIr8
/et/202312131400,2023-12-13 14:00:00,https://www.youtube.com/watch?v=Ifu6m6Yz5Ss,202312131400,202312131400_Ifu6m6Yz5Ss
/et/202312141000,2023-12-14 10:00:00,https://www.youtube.com/watch?v=WwhqFoCReoA,202312141000,202312141000_WwhqFoCReoA
/et/202312181500,2023-12-18 15:00:00,https://www.youtube.com/watch?v=hGXUCBG6bNc,202312181500,202312181500_hGXUCBG6bNc
/et/202312191000,2023-12-19 10:00:00,https://www.youtube.com/watch?v=L82E-SJN7YM,202312191000,202312191000_L82E-SJN7YM
/et/202312201200,2023-12-20 12:00:00,https://www.youtube.com/watch?v=EixR93QDJ38,202312201200,202312201200_EixR93QDJ38
/et/202312201400,2023-12-20 14:00:00,https://www.youtube.com/watch?v=lIDWevDsCjo,202312201400,202312201400_lIDWevDsCjo
/et/202312211000,2023-12-21 10:00:00,https://www.youtube.com/watch?v=n-yHqxtyxzM,202312211000,202312211000_n-yHqxtyxzM
/et/202401081500,2024-01-08 15:00:00,https://www.youtube.com/watch?v=kpezfKdYfqE,202401081500,202401081500_kpezfKdYfqE
/et/202401091000,2024-01-09 10:00:00,https://www.youtube.com/watch?v=IcJGAV2dKjA,202401091000,202401091000_IcJGAV2dKjA
/et/202401101200,2024-01-10 12:00:00,https://www.youtube.com/watch?v=B3tN56zlaSQ,202401101200,202401101200_B3tN56zlaSQ
/et/202401101400,2024-01-10 14:00:00,https://www.youtube.com/watch?v=O07eW7gW8nA,202401101400,202401101400_O07eW7gW8nA
/et/202401111000,2024-01-11 10:00:00,https://www.youtube.com/watch?v=F0DBP1MUjDM,202401111000,202401111000_F0DBP1MUjDM
/et/202401151500,2024-01-15 15:00:00,https://www.youtube.com/watch?v=6xqoHr_WMLE,202401151500,202401151500_6xqoHr_WMLE
/et/202401171200,2024-01-17 12:00:00,https://www.youtube.com/watch?v=iUYUG6jyJMk,202401171200,202401171200_iUYUG6jyJMk
/et/202401171400,2024-01-17 14:00:00,https://www.youtube.com/watch?v=YWkt0gr2jhw,202401171400,202401171400_YWkt0gr2jhw
/et/202401181000,2024-01-18 10:00:00,https://www.youtube.com/watch?v=OEqWQbpVM7U,202401181000,202401181000_OEqWQbpVM7U
/et/202401221500,2024-01-22 15:00:00,https://www.youtube.com/watch?v=mgwv_U9GOEQ,202401221500,202401221500_mgwv_U9GOEQ
/et/202401231000,2024-01-23 10:00:00,https://www.youtube.com/watch?v=VeKC0iw7Kw4,202401231000,202401231000_VeKC0iw7Kw4
/et/202401241200,2024-01-24 12:00:00,https://www.youtube.com/watch?v=j-WV5PHpdgw,202401241200,202401241200_j-WV5PHpdgw
/et/202401241400,2024-01-24 14:00:00,https://www.youtube.com/watch?v=YeDTMAOYzKs,202401241400,202401241400_YeDTMAOYzKs
/et/202401251000,2024-01-25 10:00:00,https://www.youtube.com/watch?v=W8sOdhVn2hk,202401251000,202401251000_W8sOdhVn2hk
/et/202402051500,2024-02-05 15:00:00,https://www.youtube.com/watch?v=ejUgzsYsCVc,202402051500,202402051500_ejUgzsYsCVc
/et/202402061000,2024-02-06 10:00:00,https://www.youtube.com/watch?v=9feIeG-xy68,202402061000,202402061000_9feIeG-xy68
/et/202402071200,2024-02-07 12:00:00,https://www.youtube.com/watch?v=oetSZWGTBZM,202402071200,202402071200_oetSZWGTBZM
/et/202402071400,2024-02-07 14:00:00,https://www.youtube.com/watch?v=3-8pIt09qow,202402071400,202402071400_3-8pIt09qow
/et/202402081000,2024-02-08 10:00:00,https://www.youtube.com/watch?v=-pepnC5xobM,202402081000,202402081000_-pepnC5xobM
/et/202402121500,2024-02-12 15:00:00,https://www.youtube.com/watch?v=NubIg6M4t50,202402121500,202402121500_NubIg6M4t50
/et/202402131000,2024-02-13 10:00:00,https://www.youtube.com/watch?v=dNTu86UHtdA,202402131000,202402131000_dNTu86UHtdA
/et/202402141200,2024-02-14 12:00:00,https://www.youtube.com/watch?v=BY7iaHFmlhU,202402141200,202402141200_BY7iaHFmlhU
/et/202402141400,2024-02-14 14:00:00,https://www.youtube.com/watch?v=kcPw7WK9TzA,202402141400,202402141400_kcPw7WK9TzA
/et/202402191500,2024-02-19 15:00:00,https://www.youtube.com/watch?v=B7x2fYCD5Uo,202402191500,202402191500_B7x2fYCD5Uo
/et/202402201000,2024-02-20 10:00:00,https://www.youtube.com/watch?v=RsC5KhNpcYo,202402201000,202402201000_RsC5KhNpcYo
/et/202402211400,2024-02-21 14:00:00,https://www.youtube.com/watch?v=59u0oSN_0N8,202402211400,202402211400_59u0oSN_0N8
/et/202402221000,2024-02-22 10:00:00,https://www.youtube.com/watch?v=Bfue021o-fM,202402221000,202402221000_Bfue021o-fM
/et/202403041500,2024-03-04 15:00:00,https://www.youtube.com/watch?v=2bj5Mw2vliY,202403041500,202403041500_2bj5Mw2vliY
/et/202403061200,2024-03-06 12:00:00,https://www.youtube.com/watch?v=JhpqONrMgc4,202403061200,202403061200_JhpqONrMgc4
/et/202403061400,2024-03-06 14:00:00,https://www.youtube.com/watch?v=lKFuqwAhsN4,202403061400,202403061400_lKFuqwAhsN4
/et/202403071000,2024-03-07 10:00:00,https://www.youtube.com/watch?v=KIfkBHHVy1E,202403071000,202403071000_KIfkBHHVy1E
/et/202403111500,2024-03-11 15:00:00,https://www.youtube.com/watch?v=nIMo1TbUNss,202403111500,202403111500_nIMo1TbUNss
/et/202403121000,2024-03-12 10:00:00,https://www.youtube.com/watch?v=DajcKvYFNOE,202403121000,202403121000_DajcKvYFNOE
/et/202403131200,2024-03-13 12:00:00,https://www.youtube.com/watch?v=6yUz3CawWuM,202403131200,202403131200_6yUz3CawWuM
/et/202403131400,2024-03-13 14:00:00,https://www.youtube.com/watch?v=Lmw3x6WXepc,202403131400,202403131400_Lmw3x6WXepc
/et/202403141000,2024-03-14 10:00:00,https://www.youtube.com/watch?v=DvpBZNzN3ew,202403141000,202403141000_DvpBZNzN3ew
/et/202403181500,2024-03-18 15:00:00,https://www.youtube.com/watch?v=xnNdX-zwKxU,202403181500,202403181500_xnNdX-zwKxU
/et/202403191000,2024-03-19 10:00:00,https://www.youtube.com/watch?v=U9s2z_wsl7k,202403191000,202403191000_U9s2z_wsl7k
/et/202403201400,2024-03-20 14:00:00,https://www.youtube.com/watch?v=-L9mh0pv3DQ,202403201400,202403201400_-L9mh0pv3DQ
/et/202404011500,2024-04-01 15:00:00,https://www.youtube.com/watch?v=WYAp57-vFQo,202404011500,202404011500_WYAp57-vFQo
/et/202404021000,2024-04-02 10:00:00,https://www.youtube.com/watch?v=-HW5JJN4ziE,202404021000,202404021000_-HW5JJN4ziE
/et/202404031200,2024-04-03 12:00:00,https://www.youtube.com/watch?v=uZ0ekZaUVSw,202404031200,202404031200_uZ0ekZaUVSw
/et/202404031400,2024-04-03 14:00:00,https://www.youtube.com/watch?v=gCq6Nvyg7QM,202404031400,202404031400_gCq6Nvyg7QM
/et/202404041000,2024-04-04 10:00:00,https://www.youtube.com/watch?v=7J1tFFcawwg,202404041000,202404041000_7J1tFFcawwg
/et/202404081500,2024-04-08 15:00:00,https://www.youtube.com/watch?v=AMAzCDM42Lw,202404081500,202404081500_AMAzCDM42Lw
/et/202404091000,2024-04-09 10:00:00,https://www.youtube.com/watch?v=1m8SrGST1qM,202404091000,202404091000_1m8SrGST1qM
/et/202404101400,2024-04-10 14:00:00,https://www.youtube.com/watch?v=eK9_5moezXQ,202404101400,202404101400_eK9_5moezXQ
/et/202404111000,2024-04-11 10:00:00,https://www.youtube.com/watch?v=DdyBLNXLnh4,202404111000,202404111000_DdyBLNXLnh4
/et/202404151500,2024-04-15 15:00:00,https://www.youtube.com/watch?v=ErDlyv5xedI,202404151500,202404151500_ErDlyv5xedI
/et/202404161000,2024-04-16 10:00:00,https://www.youtube.com/watch?v=r7xo4eYWopc,202404161000,202404161000_r7xo4eYWopc
/et/202404171200,2024-04-17 12:00:00,https://www.youtube.com/watch?v=kmZCr9an_P0,202404171200,202404171200_kmZCr9an_P0
/et/202404171400,2024-04-17 14:00:00,https://www.youtube.com/watch?v=6sR4gkqmbbk,202404171400,202404171400_6sR4gkqmbbk
/et/202404181000,2024-04-18 10:00:00,https://www.youtube.com/watch?v=cP-1_E2AbbE,202404181000,202404181000_cP-1_E2AbbE
/et/202404291500,2024-04-29 15:00:00,https://www.youtube.com/watch?v=E4CXLvfjh0w,202404291500,202404291500_E4CXLvfjh0w
/et/202405021000,2024-05-02 10:00:00,https://www.youtube.com/watch?v=ote_LTLo50E,202405021000,202405021000_ote_LTLo50E
/et/202405061500,2024-05-06 15:00:00,https://www.youtube.com/watch?v=Ln2v5FU42h4,202405061500,202405061500_Ln2v5FU42h4
/et/202405071000,2024-05-07 10:00:00,https://www.youtube.com/watch?v=gZwi2ym4mHg,202405071000,202405071000_gZwi2ym4mHg
/et/202405081200,2024-05-08 12:00:00,https://www.youtube.com/watch?v=pnwB0Oeprdw,202405081200,202405081200_pnwB0Oeprdw
/et/202405081400,2024-05-08 14:00:00,https://www.youtube.com/watch?v=7f882Adr6cw,202405081400,202405081400_7f882Adr6cw
/et/202405131500,2024-05-13 15:00:00,https://www.youtube.com/watch?v=sxjR2w5fJtg,202405131500,202405131500_sxjR2w5fJtg
/et/202405141000,2024-05-14 10:00:00,https://www.youtube.com/watch?v=9zq2a6vMAPs,202405141000,202405141000_9zq2a6vMAPs
/et/202405151200,2024-05-15 12:00:00,https://www.youtube.com/watch?v=HF5rTq-O0pQ,202405151200,202405151200_HF5rTq-O0pQ
/et/202405151400,2024-05-15 14:00:00,https://www.youtube.com/watch?v=1cAR1LsWqQA,202405151400,202405151400_1cAR1LsWqQA
/et/202405271500,2024-05-27 15:00:00,https://www.youtube.com/watch?v=TCF27pYAxx8,202405271500,202405271500_TCF27pYAxx8
/et/202405291400,2024-05-29 14:00:00,https://www.youtube.com/watch?v=_lk3UzRRleY,202405291400,202405291400__lk3UzRRleY
/et/202405301000,2024-05-30 10:00:00,https://www.youtube.com/watch?v=3KFivi4-NOk,202405301000,202405301000_3KFivi4-NOk
/et/202406031500,2024-06-03 15:00:00,https://www.youtube.com/watch?v=eBFoYqyVTyU,202406031500,202406031500_eBFoYqyVTyU
/et/202406041000,2024-06-04 10:00:00,https://www.youtube.com/watch?v=WwiUmCIJo48,202406041000,202406041000_WwiUmCIJo48
/et/202406051200,2024-06-05 12:00:00,https://www.youtube.com/watch?v=rZ4Pq4-R-yE,202406051200,202406051200_rZ4Pq4-R-yE
/et/202406061000,2024-06-06 10:00:00,https://www.youtube.com/watch?v=xkuUcxEdwJE,202406061000,202406061000_xkuUcxEdwJE
/et/202406101500,2024-06-10 15:00:00,https://www.youtube.com/watch?v=0FNMLl90-gU,202406101500,202406101500_0FNMLl90-gU
/et/202406111000,2024-06-11 10:00:00,https://www.youtube.com/watch?v=olUUYYSlyv4,202406111000,202406111000_olUUYYSlyv4
/et/202406121200,2024-06-12 12:00:00,https://www.youtube.com/watch?v=L6xier4sECo,202406121200,202406121200_L6xier4sECo
/et/202406121400,2024-06-12 14:00:00,https://www.youtube.com/watch?v=aDDTpBgiXzw,202406121400,202406121400_aDDTpBgiXzw
/et/202406131000,2024-06-13 10:00:00,https://www.youtube.com/watch?v=fDAmBpuy7ws,202406131000,202406131000_fDAmBpuy7ws
/et/202406141000,2024-06-14 10:00:00,https://www.youtube.com/watch?v=Ix0NaNhkdIs,202406141000,202406141000_Ix0NaNhkdIs
/et/202406191000,2024-06-19 10:00:00,https://www.youtube.com/watch?v=gdEWLKwAqh4,202406191000,202406191000_gdEWLKwAqh4
/et/202407221100,2024-07-22 11:00:00,https://www.youtube.com/watch?v=1GwkEhhNPY0,202407221100,202407221100_1GwkEhhNPY0
/et/202407231000,2024-07-23 10:00:00,https://www.youtube.com/watch?v=G7CVZoWsQlg,202407231000,202407231000_G7CVZoWsQlg
/et/202407291000,2024-07-29 10:00:00,https://www.youtube.com/watch?v=CsXuxT8mDOw,202407291000,202407291000_CsXuxT8mDOw
/et/202407291734,2024-07-29 17:34:00,https://www.youtube.com/watch?v=vwk0CJl0TIo,202407291734,202407291734_vwk0CJl0TIo
/et/202407291856,2024-07-29 18:56:00,https://www.youtube.com/watch?v=Jl1_w2kircg,202407291856,202407291856_Jl1_w2kircg
/et/202409091500,2024-09-09 15:00:00,https://www.youtube.com/watch?v=1LpY0NvNhM0,202409091500,202409091500_1LpY0NvNhM0
/et/202409101000,2024-09-10 10:00:00,https://www.youtube.com/watch?v=Ud6nwwbbNVQ,202409101000,202409101000_Ud6nwwbbNVQ
/et/202409111400,2024-09-11 14:00:00,https://www.youtube.com/watch?v=pu3qOwJHIaM,202409111400,202409111400_pu3qOwJHIaM
/et/202409161500,2024-09-16 15:00:00,https://www.youtube.com/watch?v=zV0M4eUDTeE,202409161500,202409161500_zV0M4eUDTeE
/et/202409181200,2024-09-18 12:00:00,https://www.youtube.com/watch?v=Wvlr9FHQXn0,202409181200,202409181200_Wvlr9FHQXn0
/et/202409181400,2024-09-18 14:00:00,https://www.youtube.com/watch?v=hbM-5W7PQng,202409181400,202409181400_hbM-5W7PQng
/et/202409191000,2024-09-19 10:00:00,https://www.youtube.com/watch?v=h0oFtx_6sso,202409191000,202409191000_h0oFtx_6sso
/et/202409231500,2024-09-23 15:00:00,https://www.youtube.com/watch?v=U27l1xBNwp4,202409231500,202409231500_U27l1xBNwp4
/et/202409251200,2024-09-25 12:00:00,https://www.youtube.com/watch?v=oP6HGjqp9rQ,202409251200,202409251200_oP6HGjqp9rQ
/et/202409251400,2024-09-25 14:00:00,https://www.youtube.com/watch?v=tEoL6p8r8HI,202409251400,202409251400_tEoL6p8r8HI
/et/202410071500,2024-10-07 15:00:00,https://www.youtube.com/watch?v=BfZQQ7H6rEI,202410071500,202410071500_BfZQQ7H6rEI
/et/202410081000,2024-10-08 10:00:00,https://www.youtube.com/watch?v=2vxyRvmJ9N0,202410081000,202410081000_2vxyRvmJ9N0
/et/202410091200,2024-10-09 12:00:00,https://www.youtube.com/watch?v=OvN36VPa3vw,202410091200,202410091200_OvN36VPa3vw
/et/202410091400,2024-10-09 14:00:00,https://www.youtube.com/watch?v=XDMqtw63OMU,202410091400,202410091400_XDMqtw63OMU
/et/202410101000,2024-10-10 10:00:00,https://www.youtube.com/watch?v=gdVV9Zw9cX0,202410101000,202410101000_gdVV9Zw9cX0
/et/202410151000,2024-10-15 10:00:00,https://www.youtube.com/watch?v=FVlNNfJoezQ,202410151000,202410151000_FVlNNfJoezQ
/et/202410161200,2024-10-16 12:00:00,https://www.youtube.com/watch?v=76PaBDSEFdE,202410161200,202410161200_76PaBDSEFdE
/et/202410161400,2024-10-16 14:00:00,https://www.youtube.com/watch?v=/zTQrIDYKPGw,202410161400,202410161400_/zTQrIDYKPGw
/et/202410171000,2024-10-17 10:00:00,https://www.youtube.com/watch?v=B9R60RhwnsE,202410171000,202410171000_B9R60RhwnsE
/et/202410211500,2024-10-21 15:00:00,https://www.youtube.com/watch?v=pNXkhjDDL2o,202410211500,202410211500_pNXkhjDDL2o
/et/202410221000,2024-10-22 10:00:00,https://www.youtube.com/watch?v=eNbgXNlzF0g,202410221000,202410221000_eNbgXNlzF0g
/et/202410231200,2024-10-23 12:00:00,https://www.youtube.com/watch?v=wG3rDRBJKSs,202410231200,202410231200_wG3rDRBJKSs
/et/202410241000,2024-10-24 10:00:00,https://www.youtube.com/watch?v=bKLho2-NIgM,202410241000,202410241000_bKLho2-NIgM
